region,year,week,value
中彰投,2016,1,50.99
北北基桃竹苗,2016,1,80.44
宜花東,2016,1,31.69
雲嘉南,2016,1,35.47
高屏,2016,1,36.16
中彰投,2016,2,21.4
北北基桃竹苗,2016,2,38.71
宜花東,2016,2,21.62
雲嘉南,2016,2,17.81
高屏,2016,2,26.68
中彰投,2016,3,31.42
北北基桃竹苗,2016,3,43.96
宜花東,2016,3,27.9
雲嘉南,2016,3,27.21
高屏,2016,3,34.96
中彰投,2016,4,35.8
北北基桃竹苗,2016,4,73.56
宜花東,2016,4,30.66
雲嘉南,2016,4,22.1
高屏,2016,4,28.28
中彰投,2016,5,30.72
北北基桃竹苗,2016,5,45.46
宜花東,2016,5,24.45
雲嘉南,2016,5,21.08
高屏,2016,5,31.95
中彰投,2016,6,19.26
北北基桃竹苗,2016,6,34.46
宜花東,2016,6,17.28
雲嘉南,2016,6,13.68
高屏,2016,6,17.11
中彰投,2016,7,25.84
北北基桃竹苗,2016,7,44.84
宜花東,2016,7,21.71
雲嘉南,2016,7,26.04
高屏,2016,7,29.68
中彰投,2016,8,24.23
北北基桃竹苗,2016,8,36.21
宜花東,2016,8,17.92
雲嘉南,2016,8,17.71
高屏,2016,8,21.24
中彰投,2016,9,26.6
北北基桃竹苗,2016,9,39.19
宜花東,2016,9,18.12
雲嘉南,2016,9,18.66
高屏,2016,9,18.61
中彰投,2016,10,27.98
北北基桃竹苗,2016,10,66.99
宜花東,2016,10,22.36
雲嘉南,2016,10,21.53
高屏,2016,10,23.53
中彰投,2016,11,42.04
北北基桃竹苗,2016,11,78.82
宜花東,2016,11,27.38
雲嘉南,2016,11,29.1
高屏,2016,11,38.61
中彰投,2016,12,34.83
北北基桃竹苗,2016,12,78.99
宜花東,2016,12,27.26
雲嘉南,2016,12,20.94
高屏,2016,12,23.79
中彰投,2016,13,16.54
北北基桃竹苗,2016,13,44.29
宜花東,2016,13,16.05
雲嘉南,2016,13,13.71
高屏,2016,13,18.47
中彰投,2016,14,18.53
北北基桃竹苗,2016,14,46.83
宜花東,2016,14,16.84
雲嘉南,2016,14,14.21
高屏,2016,14,15.66
中彰投,2016,15,18.44
北北基桃竹苗,2016,15,39.44
宜花東,2016,15,17.92
雲嘉南,2016,15,13.95
高屏,2016,15,18.65
中彰投,2016,16,17.48
北北基桃竹苗,2016,16,47.76
宜花東,2016,16,19.81
雲嘉南,2016,16,15.8
高屏,2016,16,21.5
中彰投,2016,17,15.55
北北基桃竹苗,2016,17,37.84
宜花東,2016,17,18.12
雲嘉南,2016,17,14.2
高屏,2016,17,16.41
中彰投,2016,18,17.21
北北基桃竹苗,2016,18,31.72
宜花東,2016,18,16.49
雲嘉南,2016,18,14.32
高屏,2016,18,15.79
中彰投,2016,19,17.56
北北基桃竹苗,2016,19,37.66
宜花東,2016,19,16.1
雲嘉南,2016,19,14.2
高屏,2016,19,17.57
中彰投,2016,20,13.92
北北基桃竹苗,2016,20,25.49
宜花東,2016,20,14.32
雲嘉南,2016,20,12.3
高屏,2016,20,14.14
中彰投,2016,21,16.68
北北基桃竹苗,2016,21,40.85
宜花東,2016,21,17.8
雲嘉南,2016,21,13.76
高屏,2016,21,13.94
中彰投,2016,22,13.9
北北基桃竹苗,2016,22,35.81
宜花東,2016,22,16.47
雲嘉南,2016,22,13.66
高屏,2016,22,17.39
中彰投,2016,23,14.71
北北基桃竹苗,2016,23,36.35
宜花東,2016,23,15.73
雲嘉南,2016,23,13.14
高屏,2016,23,16.33
中彰投,2016,24,15.11
北北基桃竹苗,2016,24,49.25
宜花東,2016,24,25.02
雲嘉南,2016,24,18.48
高屏,2016,24,24.39
中彰投,2016,25,15.97
北北基桃竹苗,2016,25,37.36
宜花東,2016,25,19.22
雲嘉南,2016,25,16.84
高屏,2016,25,21.4
中彰投,2016,26,15.68
北北基桃竹苗,2016,26,36.84
宜花東,2016,26,19.55
雲嘉南,2016,26,17.5
高屏,2016,26,20.54
中彰投,2016,27,14.02
北北基桃竹苗,2016,27,36.41
宜花東,2016,27,20.14
雲嘉南,2016,27,15.39
高屏,2016,27,15.95
中彰投,2016,28,14.82
北北基桃竹苗,2016,28,34.19
宜花東,2016,28,17.43
雲嘉南,2016,28,13.01
高屏,2016,28,15.34
中彰投,2016,29,15.76
北北基桃竹苗,2016,29,40.28
宜花東,2016,29,18.76
雲嘉南,2016,29,15.21
高屏,2016,29,17.87
中彰投,2016,30,13.98
北北基桃竹苗,2016,30,30.83
宜花東,2016,30,16.76
雲嘉南,2016,30,13.3
高屏,2016,30,16.49
中彰投,2016,31,14.06
北北基桃竹苗,2016,31,28.4
宜花東,2016,31,16.61
雲嘉南,2016,31,13.66
高屏,2016,31,15.06
中彰投,2016,32,13.58
北北基桃竹苗,2016,32,33.8
宜花東,2016,32,16.46
雲嘉南,2016,32,12.96
高屏,2016,32,14.16
中彰投,2016,33,15.84
北北基桃竹苗,2016,33,31.75
宜花東,2016,33,17.53
雲嘉南,2016,33,14.49
高屏,2016,33,17.05
中彰投,2016,34,11.63
北北基桃竹苗,2016,34,31.98
宜花東,2016,34,16.64
雲嘉南,2016,34,12.66
高屏,2016,34,16.65
中彰投,2016,35,9.33
北北基桃竹苗,2016,35,24.98
宜花東,2016,35,15.08
雲嘉南,2016,35,9.37
高屏,2016,35,14.62
中彰投,2016,36,15.03
北北基桃竹苗,2016,36,35.88
宜花東,2016,36,18.96
雲嘉南,2016,36,16.43
高屏,2016,36,22.36
中彰投,2016,37,24.54
北北基桃竹苗,2016,37,41.18
宜花東,2016,37,19.2
雲嘉南,2016,37,16.89
高屏,2016,37,19.72
中彰投,2016,38,15.45
北北基桃竹苗,2016,38,30.53
宜花東,2016,38,17.33
雲嘉南,2016,38,14.52
高屏,2016,38,15.72
中彰投,2016,39,17.84
北北基桃竹苗,2016,39,26.7
宜花東,2016,39,15.87
雲嘉南,2016,39,12.95
高屏,2016,39,14.02
中彰投,2016,40,19.68
北北基桃竹苗,2016,40,41.15
宜花東,2016,40,20.43
雲嘉南,2016,40,14.78
高屏,2016,40,18.27
中彰投,2016,41,21.5
北北基桃竹苗,2016,41,39.65
宜花東,2016,41,23.73
雲嘉南,2016,41,16.09
高屏,2016,41,22.85
中彰投,2016,42,14.96
北北基桃竹苗,2016,42,33.46
宜花東,2016,42,22.4
雲嘉南,2016,42,14.69
高屏,2016,42,20.0
中彰投,2016,43,20.75
北北基桃竹苗,2016,43,37.84
宜花東,2016,43,18.12
雲嘉南,2016,43,15.59
高屏,2016,43,16.65
中彰投,2016,44,13.41
北北基桃竹苗,2016,44,24.8
宜花東,2016,44,14.76
雲嘉南,2016,44,14.78
高屏,2016,44,16.75
中彰投,2016,45,17.06
北北基桃竹苗,2016,45,37.33
宜花東,2016,45,17.35
雲嘉南,2016,45,15.34
高屏,2016,45,15.75
中彰投,2016,46,23.66
北北基桃竹苗,2016,46,40.76
宜花東,2016,46,17.84
雲嘉南,2016,46,17.36
高屏,2016,46,15.42
中彰投,2016,47,31.84
北北基桃竹苗,2016,47,50.71
宜花東,2016,47,22.58
雲嘉南,2016,47,24.73
高屏,2016,47,26.21
中彰投,2016,48,21.82
北北基桃竹苗,2016,48,31.47
宜花東,2016,48,19.6
雲嘉南,2016,48,20.08
高屏,2016,48,23.45
中彰投,2016,49,19.76
北北基桃竹苗,2016,49,27.39
宜花東,2016,49,17.7
雲嘉南,2016,49,18.68
高屏,2016,49,23.35
中彰投,2016,50,29.95
北北基桃竹苗,2016,50,35.31
宜花東,2016,50,18.59
雲嘉南,2016,50,25.68
高屏,2016,50,20.8
中彰投,2016,51,28.1
北北基桃竹苗,2016,51,53.65
宜花東,2016,51,23.07
雲嘉南,2016,51,22.04
高屏,2016,51,22.38
中彰投,2016,52,27.92
北北基桃竹苗,2016,52,32.49
宜花東,2016,52,18.76
雲嘉南,2016,52,24.44
高屏,2016,52,28.2
中彰投,2017,1,32.78
北北基桃竹苗,2017,1,46.83
宜花東,2017,1,20.71
雲嘉南,2017,1,25.28
高屏,2017,1,22.06
中彰投,2017,2,25.49
北北基桃竹苗,2017,2,29.96
宜花東,2017,2,17.53
雲嘉南,2017,2,22.54
高屏,2017,2,23.55
中彰投,2017,3,24.73
北北基桃竹苗,2017,3,36.42
宜花東,2017,3,19.65
雲嘉南,2017,3,20.89
高屏,2017,3,21.44
中彰投,2017,4,18.51
北北基桃竹苗,2017,4,27.42
宜花東,2017,4,16.41
雲嘉南,2017,4,18.36
高屏,2017,4,19.78
中彰投,2017,5,15.07
北北基桃竹苗,2017,5,32.04
宜花東,2017,5,15.56
雲嘉南,2017,5,15.07
高屏,2017,5,15.1
中彰投,2017,6,15.84
北北基桃竹苗,2017,6,27.54
宜花東,2017,6,16.79
雲嘉南,2017,6,17.07
高屏,2017,6,20.52
中彰投,2017,7,26.62
北北基桃竹苗,2017,7,40.76
宜花東,2017,7,18.16
雲嘉南,2017,7,22.01
高屏,2017,7,19.8
中彰投,2017,8,26.83
北北基桃竹苗,2017,8,45.02
宜花東,2017,8,19.55
雲嘉南,2017,8,20.45
高屏,2017,8,22.2
中彰投,2017,9,16.66
北北基桃竹苗,2017,9,43.45
宜花東,2017,9,15.48
雲嘉南,2017,9,14.08
高屏,2017,9,14.3
中彰投,2017,10,23.35
北北基桃竹苗,2017,10,41.19
宜花東,2017,10,17.26
雲嘉南,2017,10,16.28
高屏,2017,10,22.3
中彰投,2017,11,17.73
北北基桃竹苗,2017,11,32.74
宜花東,2017,11,18.12
雲嘉南,2017,11,15.25
高屏,2017,11,17.49
中彰投,2017,12,16.16
北北基桃竹苗,2017,12,35.79
宜花東,2017,12,16.29
雲嘉南,2017,12,13.83
高屏,2017,12,14.14
中彰投,2017,13,18.32
北北基桃竹苗,2017,13,35.72
宜花東,2017,13,16.15
雲嘉南,2017,13,14.0
高屏,2017,13,12.9
中彰投,2017,14,13.35
北北基桃竹苗,2017,14,36.47
宜花東,2017,14,13.39
雲嘉南,2017,14,12.09
高屏,2017,14,11.29
中彰投,2017,15,23.16
北北基桃竹苗,2017,15,42.7
宜花東,2017,15,17.38
雲嘉南,2017,15,15.9
高屏,2017,15,20.5
中彰投,2017,16,15.4
北北基桃竹苗,2017,16,42.3
宜花東,2017,16,18.46
雲嘉南,2017,16,13.51
高屏,2017,16,14.9
中彰投,2017,17,14.61
北北基桃竹苗,2017,17,40.22
宜花東,2017,17,16.71
雲嘉南,2017,17,13.77
高屏,2017,17,12.78
中彰投,2017,18,18.13
北北基桃竹苗,2017,18,35.4
宜花東,2017,18,15.88
雲嘉南,2017,18,12.75
高屏,2017,18,11.81
中彰投,2017,19,15.26
北北基桃竹苗,2017,19,33.03
宜花東,2017,19,16.54
雲嘉南,2017,19,13.39
高屏,2017,19,14.7
中彰投,2017,20,13.98
北北基桃竹苗,2017,20,23.68
宜花東,2017,20,14.79
雲嘉南,2017,20,11.05
高屏,2017,20,12.98
中彰投,2017,21,14.04
北北基桃竹苗,2017,21,28.25
宜花東,2017,21,15.99
雲嘉南,2017,21,12.93
高屏,2017,21,12.07
中彰投,2017,22,13.22
北北基桃竹苗,2017,22,29.91
宜花東,2017,22,17.13
雲嘉南,2017,22,12.46
高屏,2017,22,13.96
中彰投,2017,23,17.27
北北基桃竹苗,2017,23,36.14
宜花東,2017,23,20.53
雲嘉南,2017,23,14.72
高屏,2017,23,16.67
中彰投,2017,24,16.07
北北基桃竹苗,2017,24,42.48
宜花東,2017,24,19.72
雲嘉南,2017,24,15.02
高屏,2017,24,18.35
中彰投,2017,25,19.22
北北基桃竹苗,2017,25,56.45
宜花東,2017,25,22.4
雲嘉南,2017,25,16.46
高屏,2017,25,18.93
中彰投,2017,26,13.85
北北基桃竹苗,2017,26,32.88
宜花東,2017,26,18.14
雲嘉南,2017,26,13.66
高屏,2017,26,16.15
中彰投,2017,27,15.43
北北基桃竹苗,2017,27,40.52
宜花東,2017,27,23.22
雲嘉南,2017,27,15.93
高屏,2017,27,17.91
中彰投,2017,28,12.7
北北基桃竹苗,2017,28,37.18
宜花東,2017,28,19.23
雲嘉南,2017,28,13.69
高屏,2017,28,14.82
中彰投,2017,29,12.66
北北基桃竹苗,2017,29,31.84
宜花東,2017,29,19.33
雲嘉南,2017,29,12.43
高屏,2017,29,13.26
中彰投,2017,30,9.83
北北基桃竹苗,2017,30,29.75
宜花東,2017,30,17.23
雲嘉南,2017,30,10.44
高屏,2017,30,13.78
中彰投,2017,31,12.45
北北基桃竹苗,2017,31,36.17
宜花東,2017,31,17.5
雲嘉南,2017,31,12.61
高屏,2017,31,14.22
中彰投,2017,32,12.01
北北基桃竹苗,2017,32,32.47
宜花東,2017,32,15.04
雲嘉南,2017,32,13.24
高屏,2017,32,14.1
中彰投,2017,33,15.93
北北基桃竹苗,2017,33,32.22
宜花東,2017,33,15.95
雲嘉南,2017,33,13.97
高屏,2017,33,12.7
中彰投,2017,34,14.96
北北基桃竹苗,2017,34,31.38
宜花東,2017,34,17.38
雲嘉南,2017,34,12.12
高屏,2017,34,12.62
中彰投,2017,35,13.43
北北基桃竹苗,2017,35,26.94
宜花東,2017,35,18.32
雲嘉南,2017,35,12.81
高屏,2017,35,13.6
中彰投,2017,36,11.53
北北基桃竹苗,2017,36,33.89
宜花東,2017,36,14.77
雲嘉南,2017,36,12.46
高屏,2017,36,12.05
中彰投,2017,37,16.31
北北基桃竹苗,2017,37,34.69
宜花東,2017,37,16.69
雲嘉南,2017,37,13.94
高屏,2017,37,10.83
中彰投,2017,38,8.74
北北基桃竹苗,2017,38,24.81
宜花東,2017,38,14.59
雲嘉南,2017,38,9.9
高屏,2017,38,7.88
中彰投,2017,39,13.87
北北基桃竹苗,2017,39,30.14
宜花東,2017,39,16.24
雲嘉南,2017,39,12.9
高屏,2017,39,12.23
中彰投,2017,40,12.57
北北基桃竹苗,2017,40,22.06
宜花東,2017,40,11.98
雲嘉南,2017,40,8.45
高屏,2017,40,8.28
中彰投,2017,41,14.96
北北基桃竹苗,2017,41,26.1
宜花東,2017,41,18.56
雲嘉南,2017,41,13.72
高屏,2017,41,14.38
中彰投,2017,42,14.99
北北基桃竹苗,2017,42,40.97
宜花東,2017,42,16.86
雲嘉南,2017,42,13.47
高屏,2017,42,14.1
中彰投,2017,43,9.81
北北基桃竹苗,2017,43,26.89
宜花東,2017,43,12.97
雲嘉南,2017,43,11.39
高屏,2017,43,10.81
中彰投,2017,44,13.79
北北基桃竹苗,2017,44,29.69
宜花東,2017,44,14.02
雲嘉南,2017,44,13.56
高屏,2017,44,11.31
中彰投,2017,45,15.09
北北基桃竹苗,2017,45,26.94
宜花東,2017,45,15.95
雲嘉南,2017,45,12.73
高屏,2017,45,14.48
中彰投,2017,46,23.2
北北基桃竹苗,2017,46,34.96
宜花東,2017,46,18.16
雲嘉南,2017,46,18.52
高屏,2017,46,17.99
中彰投,2017,47,16.49
北北基桃竹苗,2017,47,33.94
宜花東,2017,47,17.89
雲嘉南,2017,47,13.48
高屏,2017,47,16.79
中彰投,2017,48,18.84
北北基桃竹苗,2017,48,36.41
宜花東,2017,48,15.13
雲嘉南,2017,48,13.59
高屏,2017,48,15.62
中彰投,2017,49,21.59
北北基桃竹苗,2017,49,34.79
宜花東,2017,49,16.83
雲嘉南,2017,49,16.12
高屏,2017,49,17.13
中彰投,2017,50,30.66
北北基桃竹苗,2017,50,38.38
宜花東,2017,50,17.35
雲嘉南,2017,50,23.84
高屏,2017,50,20.84
中彰投,2017,51,20.29
北北基桃竹苗,2017,51,36.06
宜花東,2017,51,14.12
雲嘉南,2017,51,15.16
高屏,2017,51,15.77
中彰投,2017,52,21.65
北北基桃竹苗,2017,52,26.94
宜花東,2017,52,11.95
雲嘉南,2017,52,15.85
高屏,2017,52,13.56
中彰投,2018,1,33.49
北北基桃竹苗,2018,1,35.45
宜花東,2018,1,18.98
雲嘉南,2018,1,22.5
高屏,2018,1,25.97
中彰投,2018,2,24.0
北北基桃竹苗,2018,2,44.05
宜花東,2018,2,16.94
雲嘉南,2018,2,19.62
高屏,2018,2,20.8
中彰投,2018,3,29.78
北北基桃竹苗,2018,3,49.85
宜花東,2018,3,20.65
雲嘉南,2018,3,19.76
高屏,2018,3,21.96
中彰投,2018,4,19.09
北北基桃竹苗,2018,4,26.34
宜花東,2018,4,12.57
雲嘉南,2018,4,15.79
高屏,2018,4,17.45
中彰投,2018,5,18.04
北北基桃竹苗,2018,5,28.45
宜花東,2018,5,14.77
雲嘉南,2018,5,16.92
高屏,2018,5,21.6
中彰投,2018,6,37.77
北北基桃竹苗,2018,6,52.01
宜花東,2018,6,22.77
雲嘉南,2018,6,22.94
高屏,2018,6,24.09
中彰投,2018,7,16.35
北北基桃竹苗,2018,7,37.42
宜花東,2018,7,13.29
雲嘉南,2018,7,13.05
高屏,2018,7,14.94
中彰投,2018,8,19.13
北北基桃竹苗,2018,8,34.12
宜花東,2018,8,14.34
雲嘉南,2018,8,14.23
高屏,2018,8,16.61
中彰投,2018,9,29.97
北北基桃竹苗,2018,9,70.27
宜花東,2018,9,19.97
雲嘉南,2018,9,21.2
高屏,2018,9,18.61
中彰投,2018,10,14.96
北北基桃竹苗,2018,10,29.15
宜花東,2018,10,12.6
雲嘉南,2018,10,14.05
高屏,2018,10,15.62
中彰投,2018,11,18.9
北北基桃竹苗,2018,11,49.52
宜花東,2018,11,14.29
雲嘉南,2018,11,14.52
高屏,2018,11,13.8
中彰投,2018,12,14.38
北北基桃竹苗,2018,12,28.45
宜花東,2018,12,11.69
雲嘉南,2018,12,13.43
高屏,2018,12,11.81
中彰投,2018,13,12.43
北北基桃竹苗,2018,13,27.54
宜花東,2018,13,11.49
雲嘉南,2018,13,10.3
高屏,2018,13,8.77
中彰投,2018,14,13.25
北北基桃竹苗,2018,14,25.41
宜花東,2018,14,10.62
雲嘉南,2018,14,9.9
高屏,2018,14,8.52
中彰投,2018,15,13.56
北北基桃竹苗,2018,15,45.37
宜花東,2018,15,16.84
雲嘉南,2018,15,13.42
高屏,2018,15,13.7
中彰投,2018,16,11.42
北北基桃竹苗,2018,16,24.46
宜花東,2018,16,10.21
雲嘉南,2018,16,11.39
高屏,2018,16,8.34
中彰投,2018,17,12.18
北北基桃竹苗,2018,17,25.52
宜花東,2018,17,13.24
雲嘉南,2018,17,12.18
高屏,2018,17,8.75
中彰投,2018,18,12.05
北北基桃竹苗,2018,18,26.65
宜花東,2018,18,11.61
雲嘉南,2018,18,11.92
高屏,2018,18,10.75
中彰投,2018,19,10.84
北北基桃竹苗,2018,19,24.41
宜花東,2018,19,13.55
雲嘉南,2018,19,13.25
高屏,2018,19,10.59
中彰投,2018,20,15.51
北北基桃竹苗,2018,20,32.5
宜花東,2018,20,15.7
雲嘉南,2018,20,16.05
高屏,2018,20,15.24
中彰投,2018,21,13.27
北北基桃竹苗,2018,21,25.02
宜花東,2018,21,13.44
雲嘉南,2018,21,13.01
高屏,2018,21,11.15
中彰投,2018,22,9.83
北北基桃竹苗,2018,22,20.87
宜花東,2018,22,11.09
雲嘉南,2018,22,12.12
高屏,2018,22,10.53
中彰投,2018,23,10.19
北北基桃竹苗,2018,23,27.34
宜花東,2018,23,14.74
雲嘉南,2018,23,11.29
高屏,2018,23,8.77
中彰投,2018,24,8.49
北北基桃竹苗,2018,24,21.31
宜花東,2018,24,9.76
雲嘉南,2018,24,9.78
高屏,2018,24,8.22
中彰投,2018,25,14.23
北北基桃竹苗,2018,25,35.85
宜花東,2018,25,17.1
雲嘉南,2018,25,16.63
高屏,2018,25,18.89
中彰投,2018,26,15.38
北北基桃竹苗,2018,26,29.62
宜花東,2018,26,14.57
雲嘉南,2018,26,15.3
高屏,2018,26,13.6
中彰投,2018,27,14.36
北北基桃竹苗,2018,27,32.65
宜花東,2018,27,17.6
雲嘉南,2018,27,15.74
高屏,2018,27,20.32
中彰投,2018,28,13.16
北北基桃竹苗,2018,28,30.6
宜花東,2018,28,15.56
雲嘉南,2018,28,14.0
高屏,2018,28,10.97
中彰投,2018,29,9.18
北北基桃竹苗,2018,29,32.88
宜花東,2018,29,20.66
雲嘉南,2018,29,11.36
高屏,2018,29,9.83
中彰投,2018,30,13.48
北北基桃竹苗,2018,30,33.26
宜花東,2018,30,16.0
雲嘉南,2018,30,13.94
高屏,2018,30,12.7
中彰投,2018,31,12.3
北北基桃竹苗,2018,31,28.97
宜花東,2018,31,13.51
雲嘉南,2018,31,14.14
高屏,2018,31,14.24
中彰投,2018,32,8.89
北北基桃竹苗,2018,32,25.65
宜花東,2018,32,13.5
雲嘉南,2018,32,11.51
高屏,2018,32,9.59
中彰投,2018,33,11.25
北北基桃竹苗,2018,33,28.79
宜花東,2018,33,15.36
雲嘉南,2018,33,13.3
高屏,2018,33,13.68
中彰投,2018,34,10.42
北北基桃竹苗,2018,34,26.26
宜花東,2018,34,13.61
雲嘉南,2018,34,13.28
高屏,2018,34,11.87
中彰投,2018,35,19.32
北北基桃竹苗,2018,35,41.1
宜花東,2018,35,19.82
雲嘉南,2018,35,20.54
高屏,2018,35,24.75
中彰投,2018,36,13.77
北北基桃竹苗,2018,36,28.22
宜花東,2018,36,14.52
雲嘉南,2018,36,13.71
高屏,2018,36,12.07
中彰投,2018,37,16.79
北北基桃竹苗,2018,37,31.87
宜花東,2018,37,17.38
雲嘉南,2018,37,14.53
高屏,2018,37,12.84
中彰投,2018,38,14.82
北北基桃竹苗,2018,38,28.79
宜花東,2018,38,15.85
雲嘉南,2018,38,12.59
高屏,2018,38,10.35
中彰投,2018,39,7.99
北北基桃竹苗,2018,39,23.23
宜花東,2018,39,12.49
雲嘉南,2018,39,7.18
高屏,2018,39,7.92
中彰投,2018,40,9.39
北北基桃竹苗,2018,40,19.82
宜花東,2018,40,9.66
雲嘉南,2018,40,8.13
高屏,2018,40,7.36
中彰投,2018,41,13.56
北北基桃竹苗,2018,41,22.06
宜花東,2018,41,11.88
雲嘉南,2018,41,13.22
高屏,2018,41,9.99
中彰投,2018,42,12.18
北北基桃竹苗,2018,42,22.17
宜花東,2018,42,11.85
雲嘉南,2018,42,13.04
高屏,2018,42,8.93
中彰投,2018,43,13.56
北北基桃竹苗,2018,43,27.55
宜花東,2018,43,14.13
雲嘉南,2018,43,13.21
高屏,2018,43,9.03
中彰投,2018,44,20.14
北北基桃竹苗,2018,44,23.59
宜花東,2018,44,19.75
雲嘉南,2018,44,16.49
高屏,2018,44,17.63
中彰投,2018,45,20.66
北北基桃竹苗,2018,45,34.34
宜花東,2018,45,18.58
雲嘉南,2018,45,17.47
高屏,2018,45,12.01
中彰投,2018,46,19.22
北北基桃竹苗,2018,46,29.94
宜花東,2018,46,15.51
雲嘉南,2018,46,17.06
高屏,2018,46,12.54
中彰投,2018,47,18.93
北北基桃竹苗,2018,47,29.05
宜花東,2018,47,14.67
雲嘉南,2018,47,14.92
高屏,2018,47,13.7
中彰投,2018,48,26.51
北北基桃竹苗,2018,48,35.78
宜花東,2018,48,17.65
雲嘉南,2018,48,18.71
高屏,2018,48,16.93
中彰投,2018,49,27.37
北北基桃竹苗,2018,49,40.67
宜花東,2018,49,16.79
雲嘉南,2018,49,21.29
高屏,2018,49,15.56
中彰投,2018,50,20.9
北北基桃竹苗,2018,50,32.1
宜花東,2018,50,16.52
雲嘉南,2018,50,17.65
高屏,2018,50,20.48
中彰投,2018,51,23.12
北北基桃竹苗,2018,51,45.84
宜花東,2018,51,17.31
雲嘉南,2018,51,19.17
高屏,2018,51,15.99
中彰投,2018,52,15.38
北北基桃竹苗,2018,52,25.65
宜花東,2018,52,14.35
雲嘉南,2018,52,13.94
高屏,2018,52,14.48
中彰投,2019,1,29.76
北北基桃竹苗,2019,1,37.5
宜花東,2019,1,20.23
雲嘉南,2019,1,20.94
高屏,2019,1,24.15
中彰投,2019,2,31.75
北北基桃竹苗,2019,2,43.68
宜花東,2019,2,19.27
雲嘉南,2019,2,21.66
高屏,2019,2,19.48
中彰投,2019,3,17.65
北北基桃竹苗,2019,3,39.29
宜花東,2019,3,13.6
雲嘉南,2019,3,13.37
高屏,2019,3,15.83
中彰投,2019,4,19.32
北北基桃竹苗,2019,4,31.62
宜花東,2019,4,14.88
雲嘉南,2019,4,16.17
高屏,2019,4,18.59
中彰投,2019,5,23.22
北北基桃竹苗,2019,5,45.17
宜花東,2019,5,16.73
雲嘉南,2019,5,18.17
高屏,2019,5,16.85
中彰投,2019,6,11.42
北北基桃竹苗,2019,6,20.12
宜花東,2019,6,10.13
雲嘉南,2019,6,10.36
高屏,2019,6,10.79
中彰投,2019,7,18.44
北北基桃竹苗,2019,7,27.27
宜花東,2019,7,13.83
雲嘉南,2019,7,13.88
高屏,2019,7,13.76
中彰投,2019,8,21.13
北北基桃竹苗,2019,8,35.63
宜花東,2019,8,13.83
雲嘉南,2019,8,16.86
高屏,2019,8,14.82
中彰投,2019,9,13.69
北北基桃竹苗,2019,9,28.64
宜花東,2019,9,14.0
雲嘉南,2019,9,12.07
高屏,2019,9,12.5
中彰投,2019,10,19.32
北北基桃竹苗,2019,10,32.94
宜花東,2019,10,14.17
雲嘉南,2019,10,16.95
高屏,2019,10,16.53
中彰投,2019,11,16.33
北北基桃竹苗,2019,11,28.79
宜花東,2019,11,11.44
雲嘉南,2019,11,14.53
高屏,2019,11,13.12
中彰投,2019,12,22.63
北北基桃竹苗,2019,12,34.67
宜花東,2019,12,15.08
雲嘉南,2019,12,21.52
高屏,2019,12,17.31
中彰投,2019,13,12.47
北北基桃竹苗,2019,13,25.59
宜花東,2019,13,10.7
雲嘉南,2019,13,12.3
高屏,2019,13,12.84
中彰投,2019,14,14.8
北北基桃竹苗,2019,14,31.89
宜花東,2019,14,11.86
雲嘉南,2019,14,11.25
高屏,2019,14,8.97
中彰投,2019,15,12.53
北北基桃竹苗,2019,15,26.92
宜花東,2019,15,10.95
雲嘉南,2019,15,13.21
高屏,2019,15,13.86
中彰投,2019,16,14.63
北北基桃竹苗,2019,16,30.5
宜花東,2019,16,12.27
雲嘉南,2019,16,11.42
高屏,2019,16,12.76
中彰投,2019,17,13.25
北北基桃竹苗,2019,17,27.79
宜花東,2019,17,13.11
雲嘉南,2019,17,13.51
高屏,2019,17,14.64
中彰投,2019,18,13.5
北北基桃竹苗,2019,18,21.54
宜花東,2019,18,9.52
雲嘉南,2019,18,11.71
高屏,2019,18,10.15
中彰投,2019,19,14.29
北北基桃竹苗,2019,19,23.59
宜花東,2019,19,13.38
雲嘉南,2019,19,12.82
高屏,2019,19,12.19
中彰投,2019,20,14.94
北北基桃竹苗,2019,20,37.23
宜花東,2019,20,18.14
雲嘉南,2019,20,14.7
高屏,2019,20,13.8
中彰投,2019,21,12.7
北北基桃竹苗,2019,21,25.38
宜花東,2019,21,11.44
雲嘉南,2019,21,10.68
高屏,2019,21,8.87
中彰投,2019,22,13.39
北北基桃竹苗,2019,22,30.26
宜花東,2019,22,14.08
雲嘉南,2019,22,14.17
高屏,2019,22,13.3
中彰投,2019,23,17.52
北北基桃竹苗,2019,23,45.35
宜花東,2019,23,19.2
雲嘉南,2019,23,18.13
高屏,2019,23,18.03
中彰投,2019,24,14.84
北北基桃竹苗,2019,24,30.69
宜花東,2019,24,15.23
雲嘉南,2019,24,13.47
高屏,2019,24,13.72
中彰投,2019,25,15.61
北北基桃竹苗,2019,25,31.38
宜花東,2019,25,15.13
雲嘉南,2019,25,16.11
高屏,2019,25,16.13
中彰投,2019,26,14.82
北北基桃竹苗,2019,26,33.1
宜花東,2019,26,13.95
雲嘉南,2019,26,14.46
高屏,2019,26,14.36
中彰投,2019,27,12.47
北北基桃竹苗,2019,27,30.35
宜花東,2019,27,14.45
雲嘉南,2019,27,15.86
高屏,2019,27,20.36
中彰投,2019,28,12.7
北北基桃竹苗,2019,28,29.72
宜花東,2019,28,14.77
雲嘉南,2019,28,13.42
高屏,2019,28,15.95
中彰投,2019,29,13.71
北北基桃竹苗,2019,29,30.08
宜花東,2019,29,13.68
雲嘉南,2019,29,13.27
高屏,2019,29,14.14
中彰投,2019,30,13.98
北北基桃竹苗,2019,30,30.09
宜花東,2019,30,12.92
雲嘉南,2019,30,13.91
高屏,2019,30,14.22
中彰投,2019,31,12.22
北北基桃竹苗,2019,31,27.88
宜花東,2019,31,15.82
雲嘉南,2019,31,12.33
高屏,2019,31,12.4
中彰投,2019,32,13.1
北北基桃竹苗,2019,32,26.46
宜花東,2019,32,14.5
雲嘉南,2019,32,12.14
高屏,2019,32,11.69
中彰投,2019,33,11.32
北北基桃竹苗,2019,33,24.81
宜花東,2019,33,10.84
雲嘉南,2019,33,11.71
高屏,2019,33,13.98
中彰投,2019,34,14.02
北北基桃竹苗,2019,34,28.39
宜花東,2019,34,13.83
雲嘉南,2019,34,13.19
高屏,2019,34,12.6
中彰投,2019,35,13.25
北北基桃竹苗,2019,35,32.53
宜花東,2019,35,17.84
雲嘉南,2019,35,13.88
高屏,2019,35,13.98
中彰投,2019,36,13.77
北北基桃竹苗,2019,36,38.08
宜花東,2019,36,16.91
雲嘉南,2019,36,13.54
高屏,2019,36,13.52
中彰投,2019,37,8.95
北北基桃竹苗,2019,37,27.01
宜花東,2019,37,12.06
雲嘉南,2019,37,8.42
高屏,2019,37,7.92
中彰投,2019,38,7.88
北北基桃竹苗,2019,38,23.8
宜花東,2019,38,8.99
雲嘉南,2019,38,8.45
高屏,2019,38,8.14
中彰投,2019,39,15.57
北北基桃竹苗,2019,39,27.34
宜花東,2019,39,13.71
雲嘉南,2019,39,13.65
高屏,2019,39,9.03
中彰投,2019,40,13.41
北北基桃竹苗,2019,40,32.76
宜花東,2019,40,13.14
雲嘉南,2019,40,10.82
高屏,2019,40,9.45
中彰投,2019,41,11.34
北北基桃竹苗,2019,41,18.89
宜花東,2019,41,8.38
雲嘉南,2019,41,9.78
高屏,2019,41,9.51
中彰投,2019,42,10.4
北北基桃竹苗,2019,42,19.95
宜花東,2019,42,9.69
雲嘉南,2019,42,11.54
高屏,2019,42,12.84
中彰投,2019,43,13.35
北北基桃竹苗,2019,43,22.9
宜花東,2019,43,9.56
雲嘉南,2019,43,14.09
高屏,2019,43,11.45
中彰投,2019,44,12.39
北北基桃竹苗,2019,44,18.62
宜花東,2019,44,11.64
雲嘉南,2019,44,12.52
高屏,2019,44,12.66
中彰投,2019,45,12.34
北北基桃竹苗,2019,45,23.45
宜花東,2019,45,12.62
雲嘉南,2019,45,13.22
高屏,2019,45,12.58
中彰投,2019,46,17.46
北北基桃竹苗,2019,46,32.31
宜花東,2019,46,11.59
雲嘉南,2019,46,16.28
高屏,2019,46,13.02
中彰投,2019,47,17.86
北北基桃竹苗,2019,47,30.2
宜花東,2019,47,14.47
雲嘉南,2019,47,18.43
高屏,2019,47,16.23
中彰投,2019,48,14.78
北北基桃竹苗,2019,48,24.81
宜花東,2019,48,13.87
雲嘉南,2019,48,14.14
高屏,2019,48,14.62
中彰投,2019,49,17.14
北北基桃竹苗,2019,49,27.84
宜花東,2019,49,14.88
雲嘉南,2019,49,15.18
高屏,2019,49,17.29
中彰投,2019,50,31.77
北北基桃竹苗,2019,50,41.22
宜花東,2019,50,15.73
雲嘉南,2019,50,24.01
高屏,2019,50,16.53
中彰投,2019,51,38.56
北北基桃竹苗,2019,51,45.89
宜花東,2019,51,18.78
雲嘉南,2019,51,26.03
高屏,2019,51,22.2
中彰投,2019,52,23.22
北北基桃竹苗,2019,52,50.75
宜花東,2019,52,19.15
雲嘉南,2019,52,16.74
高屏,2019,52,22.6
中彰投,2016,1,120.87
北北基桃竹苗,2016,1,134.85
宜花東,2016,1,75.7
雲嘉南,2016,1,119.05
高屏,2016,1,114.13
中彰投,2016,2,106.74
北北基桃竹苗,2016,2,111.24
宜花東,2016,2,72.47
雲嘉南,2016,2,109.71
高屏,2016,2,113.72
中彰投,2016,3,126.92
北北基桃竹苗,2016,3,121.71
宜花東,2016,3,79.86
雲嘉南,2016,3,134.38
高屏,2016,3,127.54
中彰投,2016,4,109.8
北北基桃竹苗,2016,4,114.24
宜花東,2016,4,70.88
雲嘉南,2016,4,105.26
高屏,2016,4,118.18
中彰投,2016,5,107.68
北北基桃竹苗,2016,5,108.86
宜花東,2016,5,71.46
雲嘉南,2016,5,107.41
高屏,2016,5,115.17
中彰投,2016,6,94.58
北北基桃竹苗,2016,6,111.42
宜花東,2016,6,62.7
雲嘉南,2016,6,95.77
高屏,2016,6,90.48
中彰投,2016,7,103.13
北北基桃竹苗,2016,7,109.14
宜花東,2016,7,64.97
雲嘉南,2016,7,114.12
高屏,2016,7,104.98
中彰投,2016,8,122.84
北北基桃竹苗,2016,8,103.21
宜花東,2016,8,67.12
雲嘉南,2016,8,119.12
高屏,2016,8,122.05
中彰投,2016,9,129.33
北北基桃竹苗,2016,9,124.4
宜花東,2016,9,64.04
雲嘉南,2016,9,116.16
高屏,2016,9,112.5
中彰投,2016,10,122.79
北北基桃竹苗,2016,10,145.01
宜花東,2016,10,62.73
雲嘉南,2016,10,113.97
高屏,2016,10,110.32
中彰投,2016,11,145.85
北北基桃竹苗,2016,11,150.04
宜花東,2016,11,78.26
雲嘉南,2016,11,138.01
高屏,2016,11,127.46
中彰投,2016,12,129.02
北北基桃竹苗,2016,12,138.74
宜花東,2016,12,73.58
雲嘉南,2016,12,112.4
高屏,2016,12,105.62
中彰投,2016,13,119.73
北北基桃竹苗,2016,13,153.45
宜花東,2016,13,71.31
雲嘉南,2016,13,112.52
高屏,2016,13,109.69
中彰投,2016,14,97.01
北北基桃竹苗,2016,14,139.94
宜花東,2016,14,63.12
雲嘉南,2016,14,81.68
高屏,2016,14,80.77
中彰投,2016,15,101.06
北北基桃竹苗,2016,15,129.05
宜花東,2016,15,66.57
雲嘉南,2016,15,80.06
高屏,2016,15,82.36
中彰投,2016,16,96.18
北北基桃竹苗,2016,16,127.27
宜花東,2016,16,60.02
雲嘉南,2016,16,77.58
高屏,2016,16,72.05
中彰投,2016,17,80.35
北北基桃竹苗,2016,17,106.35
宜花東,2016,17,52.38
雲嘉南,2016,17,69.16
高屏,2016,17,64.93
中彰投,2016,18,88.9
北北基桃竹苗,2016,18,119.57
宜花東,2016,18,55.51
雲嘉南,2016,18,77.73
高屏,2016,18,65.99
中彰投,2016,19,78.17
北北基桃竹苗,2016,19,103.8
宜花東,2016,19,47.25
雲嘉南,2016,19,68.44
高屏,2016,19,57.56
中彰投,2016,20,82.66
北北基桃竹苗,2016,20,92.09
宜花東,2016,20,46.19
雲嘉南,2016,20,76.07
高屏,2016,20,70.28
中彰投,2016,21,94.19
北北基桃竹苗,2016,21,120.27
宜花東,2016,21,52.65
雲嘉南,2016,21,72.11
高屏,2016,21,62.82
中彰投,2016,22,48.77
北北基桃竹苗,2016,22,84.1
宜花東,2016,22,42.88
雲嘉南,2016,22,43.9
高屏,2016,22,45.49
中彰投,2016,23,56.71
北北基桃竹苗,2016,23,90.85
宜花東,2016,23,42.77
雲嘉南,2016,23,47.69
高屏,2016,23,48.22
中彰投,2016,24,50.55
北北基桃竹苗,2016,24,76.64
宜花東,2016,24,47.12
雲嘉南,2016,24,51.97
高屏,2016,24,52.85
中彰投,2016,25,53.8
北北基桃竹苗,2016,25,87.4
宜花東,2016,25,37.68
雲嘉南,2016,25,52.99
高屏,2016,25,45.65
中彰投,2016,26,55.18
北北基桃竹苗,2016,26,89.71
宜花東,2016,26,37.25
雲嘉南,2016,26,49.99
高屏,2016,26,38.21
中彰投,2016,27,58.6
北北基桃竹苗,2016,27,72.96
宜花東,2016,27,34.7
雲嘉南,2016,27,52.62
高屏,2016,27,48.24
中彰投,2016,28,42.06
北北基桃竹苗,2016,28,75.8
宜花東,2016,28,38.11
雲嘉南,2016,28,38.96
高屏,2016,28,41.18
中彰投,2016,29,48.75
北北基桃竹苗,2016,29,83.36
宜花東,2016,29,41.07
雲嘉南,2016,29,42.72
高屏,2016,29,44.35
中彰投,2016,30,55.06
北北基桃竹苗,2016,30,92.45
宜花東,2016,30,38.89
雲嘉南,2016,30,43.96
高屏,2016,30,50.58
中彰投,2016,31,62.6
北北基桃竹苗,2016,31,81.14
宜花東,2016,31,39.39
雲嘉南,2016,31,54.72
高屏,2016,31,49.5
中彰投,2016,32,61.95
北北基桃竹苗,2016,32,82.29
宜花東,2016,32,39.06
雲嘉南,2016,32,52.0
高屏,2016,32,54.03
中彰投,2016,33,61.91
北北基桃竹苗,2016,33,81.71
宜花東,2016,33,41.68
雲嘉南,2016,33,56.84
高屏,2016,33,51.59
中彰投,2016,34,58.66
北北基桃竹苗,2016,34,84.91
宜花東,2016,34,41.65
雲嘉南,2016,34,48.95
高屏,2016,34,56.6
中彰投,2016,35,73.84
北北基桃竹苗,2016,35,101.6
宜花東,2016,35,49.56
雲嘉南,2016,35,62.69
高屏,2016,35,63.32
中彰投,2016,36,61.39
北北基桃竹苗,2016,36,91.66
宜花東,2016,36,46.0
雲嘉南,2016,36,55.86
高屏,2016,36,61.86
中彰投,2016,37,66.16
北北基桃竹苗,2016,37,80.17
宜花東,2016,37,37.2
雲嘉南,2016,37,51.77
高屏,2016,37,47.4
中彰投,2016,38,75.18
北北基桃竹苗,2016,38,73.17
宜花東,2016,38,42.86
雲嘉南,2016,38,70.34
高屏,2016,38,64.89
中彰投,2016,39,73.27
北北基桃竹苗,2016,39,68.67
宜花東,2016,39,37.02
雲嘉南,2016,39,60.92
高屏,2016,39,60.83
中彰投,2016,40,86.18
北北基桃竹苗,2016,40,79.33
宜花東,2016,40,43.03
雲嘉南,2016,40,77.12
高屏,2016,40,76.32
中彰投,2016,41,73.9
北北基桃竹苗,2016,41,80.38
宜花東,2016,41,46.09
雲嘉南,2016,41,76.85
高屏,2016,41,71.79
中彰投,2016,42,97.77
北北基桃竹苗,2016,42,68.74
宜花東,2016,42,42.62
雲嘉南,2016,42,83.4
高屏,2016,42,83.68
中彰投,2016,43,94.35
北北基桃竹苗,2016,43,110.62
宜花東,2016,43,47.5
雲嘉南,2016,43,70.38
高屏,2016,43,67.61
中彰投,2016,44,85.82
北北基桃竹苗,2016,44,77.87
宜花東,2016,44,46.32
雲嘉南,2016,44,90.5
高屏,2016,44,96.32
中彰投,2016,45,108.27
北北基桃竹苗,2016,45,108.89
宜花東,2016,45,55.28
雲嘉南,2016,45,98.2
高屏,2016,45,94.69
中彰投,2016,46,128.87
北北基桃竹苗,2016,46,122.84
宜花東,2016,46,60.48
雲嘉南,2016,46,113.99
高屏,2016,46,105.48
中彰投,2016,47,116.04
北北基桃竹苗,2016,47,119.19
宜花東,2016,47,60.19
雲嘉南,2016,47,113.48
高屏,2016,47,116.41
中彰投,2016,48,109.63
北北基桃竹苗,2016,48,91.96
宜花東,2016,48,65.56
雲嘉南,2016,48,108.24
高屏,2016,48,107.79
中彰投,2016,49,114.45
北北基桃竹苗,2016,49,93.69
宜花東,2016,49,66.08
雲嘉南,2016,49,116.43
高屏,2016,49,126.48
中彰投,2016,50,115.4
北北基桃竹苗,2016,50,99.0
宜花東,2016,50,64.95
雲嘉南,2016,50,118.92
高屏,2016,50,119.26
中彰投,2016,51,130.3
北北基桃竹苗,2016,51,123.88
宜花東,2016,51,68.1
雲嘉南,2016,51,125.83
高屏,2016,51,129.29
中彰投,2016,52,115.79
北北基桃竹苗,2016,52,96.12
宜花東,2016,52,64.97
雲嘉南,2016,52,120.57
高屏,2016,52,120.58
中彰投,2017,1,115.75
北北基桃竹苗,2017,1,121.27
宜花東,2017,1,62.6
雲嘉南,2017,1,105.08
高屏,2017,1,110.03
中彰投,2017,2,118.31
北北基桃竹苗,2017,2,99.88
宜花東,2017,2,69.04
雲嘉南,2017,2,117.9
高屏,2017,2,125.28
中彰投,2017,3,100.35
北北基桃竹苗,2017,3,97.55
宜花東,2017,3,65.32
雲嘉南,2017,3,105.2
高屏,2017,3,120.91
中彰投,2017,4,104.06
北北基桃竹苗,2017,4,83.91
宜花東,2017,4,62.43
雲嘉南,2017,4,104.28
高屏,2017,4,120.22
中彰投,2017,5,81.86
北北基桃竹苗,2017,5,86.27
宜花東,2017,5,51.57
雲嘉南,2017,5,79.77
高屏,2017,5,102.55
中彰投,2017,6,97.31
北北基桃竹苗,2017,6,85.51
宜花東,2017,6,59.53
雲嘉南,2017,6,100.95
高屏,2017,6,115.79
中彰投,2017,7,123.13
北北基桃竹苗,2017,7,117.94
宜花東,2017,7,64.26
雲嘉南,2017,7,107.29
高屏,2017,7,112.86
中彰投,2017,8,113.51
北北基桃竹苗,2017,8,120.05
宜花東,2017,8,69.48
雲嘉南,2017,8,104.95
高屏,2017,8,109.57
中彰投,2017,9,115.65
北北基桃竹苗,2017,9,126.75
宜花東,2017,9,66.94
雲嘉南,2017,9,105.05
高屏,2017,9,107.09
中彰投,2017,10,124.49
北北基桃竹苗,2017,10,135.21
宜花東,2017,10,76.18
雲嘉南,2017,10,115.16
高屏,2017,10,116.21
中彰投,2017,11,113.32
北北基桃竹苗,2017,11,114.44
宜花東,2017,11,62.11
雲嘉南,2017,11,104.72
高屏,2017,11,98.22
中彰投,2017,12,107.79
北北基桃竹苗,2017,12,113.53
宜花東,2017,12,58.2
雲嘉南,2017,12,94.16
高屏,2017,12,85.7
中彰投,2017,13,110.99
北北基桃竹苗,2017,13,131.26
宜花東,2017,13,62.33
雲嘉南,2017,13,103.75
高屏,2017,13,91.72
中彰投,2017,14,98.52
北北基桃竹苗,2017,14,124.91
宜花東,2017,14,56.24
雲嘉南,2017,14,85.22
高屏,2017,14,76.08
中彰投,2017,15,107.12
北北基桃竹苗,2017,15,125.15
宜花東,2017,15,60.32
雲嘉南,2017,15,92.3
高屏,2017,15,84.24
中彰投,2017,16,72.54
北北基桃竹苗,2017,16,106.27
宜花東,2017,16,48.9
雲嘉南,2017,16,63.11
高屏,2017,16,62.36
中彰投,2017,17,106.7
北北基桃竹苗,2017,17,124.86
宜花東,2017,17,58.27
雲嘉南,2017,17,93.98
高屏,2017,17,86.97
中彰投,2017,18,101.19
北北基桃竹苗,2017,18,116.4
宜花東,2017,18,47.96
雲嘉南,2017,18,80.42
高屏,2017,18,71.16
中彰投,2017,19,83.43
北北基桃竹苗,2017,19,105.81
宜花東,2017,19,44.91
雲嘉南,2017,19,66.03
高屏,2017,19,59.51
中彰投,2017,20,88.97
北北基桃竹苗,2017,20,95.14
宜花東,2017,20,51.96
雲嘉南,2017,20,77.26
高屏,2017,20,72.49
中彰投,2017,21,83.62
北北基桃竹苗,2017,21,93.33
宜花東,2017,21,46.81
雲嘉南,2017,21,70.79
高屏,2017,21,60.95
中彰投,2017,22,64.28
北北基桃竹苗,2017,22,85.08
宜花東,2017,22,50.03
雲嘉南,2017,22,51.61
高屏,2017,22,49.86
中彰投,2017,23,64.89
北北基桃竹苗,2017,23,94.71
宜花東,2017,23,40.92
雲嘉南,2017,23,55.17
高屏,2017,23,48.58
中彰投,2017,24,54.34
北北基桃竹苗,2017,24,93.59
宜花東,2017,24,45.72
雲嘉南,2017,24,45.9
高屏,2017,24,41.98
中彰投,2017,25,52.52
北北基桃竹苗,2017,25,85.69
宜花東,2017,25,48.21
雲嘉南,2017,25,48.53
高屏,2017,25,44.91
中彰投,2017,26,54.49
北北基桃竹苗,2017,26,82.76
宜花東,2017,26,40.89
雲嘉南,2017,26,46.23
高屏,2017,26,47.15
中彰投,2017,27,55.94
北北基桃竹苗,2017,27,84.91
宜花東,2017,27,35.81
雲嘉南,2017,27,50.44
高屏,2017,27,43.89
中彰投,2017,28,56.61
北北基桃竹苗,2017,28,85.91
宜花東,2017,28,37.2
雲嘉南,2017,28,56.53
高屏,2017,28,49.2
中彰投,2017,29,63.52
北北基桃竹苗,2017,29,78.69
宜花東,2017,29,37.91
雲嘉南,2017,29,61.07
高屏,2017,29,60.47
中彰投,2017,30,61.89
北北基桃竹苗,2017,30,78.17
宜花東,2017,30,36.53
雲嘉南,2017,30,52.7
高屏,2017,30,51.79
中彰投,2017,31,48.08
北北基桃竹苗,2017,31,89.0
宜花東,2017,31,39.21
雲嘉南,2017,31,44.05
高屏,2017,31,49.36
中彰投,2017,32,42.52
北北基桃竹苗,2017,32,72.99
宜花東,2017,32,40.42
雲嘉南,2017,32,35.72
高屏,2017,32,38.33
中彰投,2017,33,57.53
北北基桃竹苗,2017,33,85.33
宜花東,2017,33,37.36
雲嘉南,2017,33,43.83
高屏,2017,33,48.3
中彰投,2017,34,69.06
北北基桃竹苗,2017,34,73.54
宜花東,2017,34,36.6
雲嘉南,2017,34,58.81
高屏,2017,34,58.35
中彰投,2017,35,69.85
北北基桃竹苗,2017,35,67.34
宜花東,2017,35,42.4
雲嘉南,2017,35,60.68
高屏,2017,35,58.47
中彰投,2017,36,58.98
北北基桃竹苗,2017,36,90.93
宜花東,2017,36,39.61
雲嘉南,2017,36,49.49
高屏,2017,36,44.89
中彰投,2017,37,73.88
北北基桃竹苗,2017,37,91.46
宜花東,2017,37,39.69
雲嘉南,2017,37,64.31
高屏,2017,37,57.6
中彰投,2017,38,91.94
北北基桃竹苗,2017,38,107.33
宜花東,2017,38,42.96
雲嘉南,2017,38,75.04
高屏,2017,38,67.43
中彰投,2017,39,73.1
北北基桃竹苗,2017,39,97.57
宜花東,2017,39,43.38
雲嘉南,2017,39,62.04
高屏,2017,39,57.46
中彰投,2017,40,83.22
北北基桃竹苗,2017,40,79.75
宜花東,2017,40,42.69
雲嘉南,2017,40,65.97
高屏,2017,40,67.29
中彰投,2017,41,84.46
北北基桃竹苗,2017,41,56.4
宜花東,2017,41,42.69
雲嘉南,2017,41,75.5
高屏,2017,41,70.86
中彰投,2017,42,69.43
北北基桃竹苗,2017,42,77.76
宜花東,2017,42,41.85
雲嘉南,2017,42,69.05
高屏,2017,42,69.86
中彰投,2017,43,84.65
北北基桃竹苗,2017,43,93.95
宜花東,2017,43,52.74
雲嘉南,2017,43,96.09
高屏,2017,43,90.28
中彰投,2017,44,85.36
北北基桃竹苗,2017,44,87.02
宜花東,2017,44,54.32
雲嘉南,2017,44,95.42
高屏,2017,44,98.58
中彰投,2017,45,99.55
北北基桃竹苗,2017,45,86.44
宜花東,2017,45,57.6
雲嘉南,2017,45,97.1
高屏,2017,45,103.5
中彰投,2017,46,105.4
北北基桃竹苗,2017,46,104.06
宜花東,2017,46,56.96
雲嘉南,2017,46,102.34
高屏,2017,46,99.42
中彰投,2017,47,97.14
北北基桃竹苗,2017,47,92.45
宜花東,2017,47,60.53
雲嘉南,2017,47,99.85
高屏,2017,47,112.86
中彰投,2017,48,96.09
北北基桃竹苗,2017,48,90.36
宜花東,2017,48,55.21
雲嘉南,2017,48,92.56
高屏,2017,48,106.89
中彰投,2017,49,99.66
北北基桃竹苗,2017,49,99.68
宜花東,2017,49,65.0
雲嘉南,2017,49,110.52
高屏,2017,49,119.1
中彰投,2017,50,112.54
北北基桃竹苗,2017,50,95.47
宜花東,2017,50,65.94
雲嘉南,2017,50,115.71
高屏,2017,50,118.28
中彰投,2017,51,100.79
北北基桃竹苗,2017,51,97.49
宜花東,2017,51,58.04
雲嘉南,2017,51,103.73
高屏,2017,51,111.12
中彰投,2017,52,119.82
北北基桃竹苗,2017,52,97.63
宜花東,2017,52,64.41
雲嘉南,2017,52,108.36
高屏,2017,52,103.84
中彰投,2018,1,121.45
北北基桃竹苗,2018,1,100.45
宜花東,2018,1,65.52
雲嘉南,2018,1,110.81
高屏,2018,1,113.56
中彰投,2018,2,95.69
北北基桃竹苗,2018,2,101.66
宜花東,2018,2,61.54
雲嘉南,2018,2,102.05
高屏,2018,2,107.45
中彰投,2018,3,128.24
北北基桃竹苗,2018,3,122.04
宜花東,2018,3,72.39
雲嘉南,2018,3,115.99
高屏,2018,3,125.06
中彰投,2018,4,105.5
北北基桃竹苗,2018,4,84.49
宜花東,2018,4,60.12
雲嘉南,2018,4,102.25
高屏,2018,4,110.3
中彰投,2018,5,93.83
北北基桃竹苗,2018,5,92.54
宜花東,2018,5,62.33
雲嘉南,2018,5,97.91
高屏,2018,5,109.11
中彰投,2018,6,116.3
北北基桃竹苗,2018,6,117.22
宜花東,2018,6,72.41
雲嘉南,2018,6,118.5
高屏,2018,6,114.49
中彰投,2018,7,102.8
北北基桃竹苗,2018,7,116.86
宜花東,2018,7,58.69
雲嘉南,2018,7,98.76
高屏,2018,7,89.6
中彰投,2018,8,110.3
北北基桃竹苗,2018,8,108.9
宜花東,2018,8,58.91
雲嘉南,2018,8,102.89
高屏,2018,8,98.08
中彰投,2018,9,117.89
北北基桃竹苗,2018,9,141.11
宜花東,2018,9,60.58
雲嘉南,2018,9,104.04
高屏,2018,9,92.04
中彰投,2018,10,89.13
北北基桃竹苗,2018,10,90.07
宜花東,2018,10,51.57
雲嘉南,2018,10,94.7
高屏,2018,10,93.75
中彰投,2018,11,121.66
北北基桃竹苗,2018,11,138.61
宜花東,2018,11,57.19
雲嘉南,2018,11,102.6
高屏,2018,11,93.95
中彰投,2018,12,97.96
北北基桃竹苗,2018,12,103.04
宜花東,2018,12,53.76
雲嘉南,2018,12,94.58
高屏,2018,12,83.48
中彰投,2018,13,94.04
北北基桃竹苗,2018,13,91.88
宜花東,2018,13,46.44
雲嘉南,2018,13,81.86
高屏,2018,13,75.82
中彰投,2018,14,79.01
北北基桃竹苗,2018,14,90.0
宜花東,2018,14,46.64
雲嘉南,2018,14,71.39
高屏,2018,14,67.81
中彰投,2018,15,78.01
北北基桃竹苗,2018,15,118.22
宜花東,2018,15,47.47
雲嘉南,2018,15,73.36
高屏,2018,15,68.6
中彰投,2018,16,100.31
北北基桃竹苗,2018,16,106.41
宜花東,2018,16,51.14
雲嘉南,2018,16,84.26
高屏,2018,16,79.35
中彰投,2018,17,98.59
北北基桃竹苗,2018,17,110.1
宜花東,2018,17,49.49
雲嘉南,2018,17,77.08
高屏,2018,17,64.14
中彰投,2018,18,78.22
北北基桃竹苗,2018,18,99.56
宜花東,2018,18,45.82
雲嘉南,2018,18,62.05
高屏,2018,18,59.17
中彰投,2018,19,83.54
北北基桃竹苗,2018,19,94.4
宜花東,2018,19,47.49
雲嘉南,2018,19,71.36
高屏,2018,19,58.35
中彰投,2018,20,60.17
北北基桃竹苗,2018,20,93.41
宜花東,2018,20,38.28
雲嘉南,2018,20,52.32
高屏,2018,20,50.44
中彰投,2018,21,73.0
北北基桃竹苗,2018,21,94.8
宜花東,2018,21,42.61
雲嘉南,2018,21,55.04
高屏,2018,21,51.41
中彰投,2018,22,67.02
北北基桃竹苗,2018,22,82.19
宜花東,2018,22,39.64
雲嘉南,2018,22,53.62
高屏,2018,22,51.73
中彰投,2018,23,69.56
北北基桃竹苗,2018,23,78.32
宜花東,2018,23,34.12
雲嘉南,2018,23,55.65
高屏,2018,23,51.67
中彰投,2018,24,74.57
北北基桃竹苗,2018,24,85.11
宜花東,2018,24,41.12
雲嘉南,2018,24,63.37
高屏,2018,24,53.11
中彰投,2018,25,50.43
北北基桃竹苗,2018,25,74.37
宜花東,2018,25,39.78
雲嘉南,2018,25,48.74
高屏,2018,25,51.35
中彰投,2018,26,56.73
北北基桃竹苗,2018,26,79.35
宜花東,2018,26,35.64
雲嘉南,2018,26,49.2
高屏,2018,26,47.32
中彰投,2018,27,51.85
北北基桃竹苗,2018,27,64.68
宜花東,2018,27,47.45
雲嘉南,2018,27,48.72
高屏,2018,27,54.84
中彰投,2018,28,57.91
北北基桃竹苗,2018,28,53.02
宜花東,2018,28,30.19
雲嘉南,2018,28,52.27
高屏,2018,28,50.48
中彰投,2018,29,59.9
北北基桃竹苗,2018,29,51.69
宜花東,2018,29,28.84
雲嘉南,2018,29,46.33
高屏,2018,29,46.15
中彰投,2018,30,55.18
北北基桃竹苗,2018,30,82.92
宜花東,2018,30,36.56
雲嘉南,2018,30,48.86
高屏,2018,30,49.92
中彰投,2018,31,48.9
北北基桃竹苗,2018,31,81.16
宜花東,2018,31,38.48
雲嘉南,2018,31,41.54
高屏,2018,31,46.57
中彰投,2018,32,55.79
北北基桃竹苗,2018,32,76.45
宜花東,2018,32,35.25
雲嘉南,2018,32,45.19
高屏,2018,32,45.67
中彰投,2018,33,54.3
北北基桃竹苗,2018,33,83.63
宜花東,2018,33,40.17
雲嘉南,2018,33,49.43
高屏,2018,33,52.41
中彰投,2018,34,55.77
北北基桃竹苗,2018,34,80.89
宜花東,2018,34,38.31
雲嘉南,2018,34,48.82
高屏,2018,34,48.1
中彰投,2018,35,54.51
北北基桃竹苗,2018,35,92.39
宜花東,2018,35,36.65
雲嘉南,2018,35,48.04
高屏,2018,35,47.82
中彰投,2018,36,56.78
北北基桃竹苗,2018,36,85.29
宜花東,2018,36,36.18
雲嘉南,2018,36,50.05
高屏,2018,36,48.46
中彰投,2018,37,79.31
北北基桃竹苗,2018,37,65.71
宜花東,2018,37,33.4
雲嘉南,2018,37,68.09
高屏,2018,37,59.65
中彰投,2018,38,70.25
北北基桃竹苗,2018,38,80.83
宜花東,2018,38,33.2
雲嘉南,2018,38,55.4
高屏,2018,38,54.64
中彰投,2018,39,57.22
北北基桃竹苗,2018,39,73.16
宜花東,2018,39,36.83
雲嘉南,2018,39,62.5
高屏,2018,39,59.99
中彰投,2018,40,81.55
北北基桃竹苗,2018,40,82.7
宜花東,2018,40,42.79
雲嘉南,2018,40,81.92
高屏,2018,40,70.12
中彰投,2018,41,87.86
北北基桃竹苗,2018,41,81.58
宜花東,2018,41,47.3
雲嘉南,2018,41,84.38
高屏,2018,41,73.83
中彰投,2018,42,91.57
北北基桃竹苗,2018,42,86.57
宜花東,2018,42,48.46
雲嘉南,2018,42,88.51
高屏,2018,42,77.34
中彰投,2018,43,91.57
北北基桃竹苗,2018,43,93.21
宜花東,2018,43,49.29
雲嘉南,2018,43,85.88
高屏,2018,43,77.68
中彰投,2018,44,99.99
北北基桃竹苗,2018,44,79.24
宜花東,2018,44,59.57
雲嘉南,2018,44,104.34
高屏,2018,44,110.72
中彰投,2018,45,109.78
北北基桃竹苗,2018,45,101.65
宜花東,2018,45,48.04
雲嘉南,2018,45,91.03
高屏,2018,45,83.38
中彰投,2018,46,111.66
北北基桃竹苗,2018,46,95.58
宜花東,2018,46,52.57
雲嘉南,2018,46,107.86
高屏,2018,46,91.9
中彰投,2018,47,104.01
北北基桃竹苗,2018,47,91.66
宜花東,2018,47,52.21
雲嘉南,2018,47,96.17
高屏,2018,47,96.66
中彰投,2018,48,112.08
北北基桃竹苗,2018,48,110.0
宜花東,2018,48,57.75
雲嘉南,2018,48,106.51
高屏,2018,48,101.79
中彰投,2018,49,103.49
北北基桃竹苗,2018,49,98.63
宜花東,2018,49,55.23
雲嘉南,2018,49,101.58
高屏,2018,49,104.54
中彰投,2018,50,102.49
北北基桃竹苗,2018,50,85.48
宜花東,2018,50,57.31
雲嘉南,2018,50,103.09
高屏,2018,50,112.64
中彰投,2018,51,124.03
北北基桃竹苗,2018,51,128.57
宜花東,2018,51,63.19
雲嘉南,2018,51,118.97
高屏,2018,51,112.84
中彰投,2018,52,85.01
北北基桃竹苗,2018,52,70.15
宜花東,2018,52,51.59
雲嘉南,2018,52,88.49
高屏,2018,52,102.31
中彰投,2019,1,112.52
北北基桃竹苗,2019,1,94.28
宜花東,2019,1,61.94
雲嘉南,2019,1,106.76
高屏,2019,1,116.21
中彰投,2019,2,115.86
北北基桃竹苗,2019,2,104.78
宜花東,2019,2,61.87
雲嘉南,2019,2,105.86
高屏,2019,2,111.12
中彰投,2019,3,105.25
北北基桃竹苗,2019,3,108.75
宜花東,2019,3,58.76
雲嘉南,2019,3,99.99
高屏,2019,3,104.7
中彰投,2019,4,113.76
北北基桃竹苗,2019,4,104.22
宜花東,2019,4,63.56
雲嘉南,2019,4,111.04
高屏,2019,4,114.69
中彰投,2019,5,121.85
北北基桃竹苗,2019,5,120.57
宜花東,2019,5,59.79
雲嘉南,2019,5,109.0
高屏,2019,5,103.62
中彰投,2019,6,76.29
北北基桃竹苗,2019,6,68.76
宜花東,2019,6,43.13
雲嘉南,2019,6,72.38
高屏,2019,6,72.85
中彰投,2019,7,102.19
北北基桃竹苗,2019,7,91.1
宜花東,2019,7,49.1
雲嘉南,2019,7,91.89
高屏,2019,7,84.26
中彰投,2019,8,109.15
北北基桃竹苗,2019,8,103.21
宜花東,2019,8,55.01
雲嘉南,2019,8,94.32
高屏,2019,8,78.34
中彰投,2019,9,106.24
北北基桃竹苗,2019,9,106.35
宜花東,2019,9,51.91
雲嘉南,2019,9,82.26
高屏,2019,9,79.21
中彰投,2019,10,115.54
北北基桃竹苗,2019,10,114.87
宜花東,2019,10,63.25
雲嘉南,2019,10,108.29
高屏,2019,10,94.97
中彰投,2019,11,114.85
北北基桃竹苗,2019,11,112.43
宜花東,2019,11,56.52
雲嘉南,2019,11,99.44
高屏,2019,11,90.46
中彰投,2019,12,102.61
北北基桃竹苗,2019,12,107.87
宜花東,2019,12,55.58
雲嘉南,2019,12,93.54
高屏,2019,12,88.73
中彰投,2019,13,86.01
北北基桃竹苗,2019,13,92.9
宜花東,2019,13,50.23
雲嘉南,2019,13,75.38
高屏,2019,13,73.61
中彰投,2019,14,85.4
北北基桃竹苗,2019,14,103.77
宜花東,2019,14,48.92
雲嘉南,2019,14,72.17
高屏,2019,14,70.34
中彰投,2019,15,80.06
北北基桃竹苗,2019,15,90.55
宜花東,2019,15,43.92
雲嘉南,2019,15,70.21
高屏,2019,15,66.31
中彰投,2019,16,92.26
北北基桃竹苗,2019,16,117.41
宜花東,2019,16,52.4
雲嘉南,2019,16,77.11
高屏,2019,16,74.31
中彰投,2019,17,66.14
北北基桃竹苗,2019,17,87.83
宜花東,2019,17,40.01
雲嘉南,2019,17,57.51
高屏,2019,17,54.6
中彰投,2019,18,83.69
北北基桃竹苗,2019,18,82.58
宜花東,2019,18,44.69
雲嘉南,2019,18,72.48
高屏,2019,18,64.0
中彰投,2019,19,94.0
北北基桃竹苗,2019,19,90.75
宜花東,2019,19,46.36
雲嘉南,2019,19,76.83
高屏,2019,19,71.75
中彰投,2019,20,55.98
北北基桃竹苗,2019,20,81.44
宜花東,2019,20,45.06
雲嘉南,2019,20,47.07
高屏,2019,20,46.45
中彰投,2019,21,89.55
北北基桃竹苗,2019,21,96.58
宜花東,2019,21,43.68
雲嘉南,2019,21,71.41
高屏,2019,21,60.01
中彰投,2019,22,64.38
北北基桃竹苗,2019,22,81.19
宜花東,2019,22,41.26
雲嘉南,2019,22,56.69
高屏,2019,22,48.98
中彰投,2019,23,52.46
北北基桃竹苗,2019,23,75.04
宜花東,2019,23,38.57
雲嘉南,2019,23,47.23
高屏,2019,23,44.91
中彰投,2019,24,72.1
北北基桃竹苗,2019,24,94.17
宜花東,2019,24,45.45
雲嘉南,2019,24,59.84
高屏,2019,24,51.09
中彰投,2019,25,51.51
北北基桃竹苗,2019,25,78.11
宜花東,2019,25,40.35
雲嘉南,2019,25,45.33
高屏,2019,25,44.75
中彰投,2019,26,50.28
北北基桃竹苗,2019,26,79.57
宜花東,2019,26,35.47
雲嘉南,2019,26,49.69
高屏,2019,26,48.16
中彰投,2019,27,41.16
北北基桃竹苗,2019,27,64.63
宜花東,2019,27,37.68
雲嘉南,2019,27,41.1
高屏,2019,27,46.55
中彰投,2019,28,39.69
北北基桃竹苗,2019,28,63.12
宜花東,2019,28,36.18
雲嘉南,2019,28,36.45
高屏,2019,28,39.57
中彰投,2019,29,52.06
北北基桃竹苗,2019,29,61.52
宜花東,2019,29,34.97
雲嘉南,2019,29,47.18
高屏,2019,29,47.98
中彰投,2019,30,48.08
北北基桃竹苗,2019,30,72.09
宜花東,2019,30,31.89
雲嘉南,2019,30,43.45
高屏,2019,30,42.2
中彰投,2019,31,55.77
北北基桃竹苗,2019,31,52.72
宜花東,2019,31,27.02
雲嘉南,2019,31,50.34
高屏,2019,31,48.22
中彰投,2019,32,43.09
北北基桃竹苗,2019,32,48.1
宜花東,2019,32,30.79
雲嘉南,2019,32,36.6
高屏,2019,32,39.73
中彰投,2019,33,44.18
北北基桃竹苗,2019,33,68.79
宜花東,2019,33,39.17
雲嘉南,2019,33,42.08
高屏,2019,33,52.21
中彰投,2019,34,59.29
北北基桃竹苗,2019,34,65.42
宜花東,2019,34,30.91
雲嘉南,2019,34,45.44
高屏,2019,34,42.26
中彰投,2019,35,58.6
北北基桃竹苗,2019,35,65.11
宜花東,2019,35,29.36
雲嘉南,2019,35,50.68
高屏,2019,35,50.38
中彰投,2019,36,59.5
北北基桃竹苗,2019,36,72.38
宜花東,2019,36,34.78
雲嘉南,2019,36,49.37
高屏,2019,36,45.33
中彰投,2019,37,62.54
北北基桃竹苗,2019,37,60.8
宜花東,2019,37,31.74
雲嘉南,2019,37,53.95
高屏,2019,37,49.98
中彰投,2019,38,59.52
北北基桃竹苗,2019,38,80.04
宜花東,2019,38,38.72
雲嘉南,2019,38,59.96
高屏,2019,38,55.9
中彰投,2019,39,80.02
北北基桃竹苗,2019,39,66.66
宜花東,2019,39,39.86
雲嘉南,2019,39,74.28
高屏,2019,39,62.34
中彰投,2019,40,69.87
北北基桃竹苗,2019,40,82.0
宜花東,2019,40,38.77
雲嘉南,2019,40,54.59
高屏,2019,40,53.65
中彰投,2019,41,82.28
北北基桃竹苗,2019,41,73.74
宜花東,2019,41,38.3
雲嘉南,2019,41,64.96
高屏,2019,41,50.7
中彰投,2019,42,71.34
北北基桃竹苗,2019,42,72.62
宜花東,2019,42,41.71
雲嘉南,2019,42,75.81
高屏,2019,42,68.23
中彰投,2019,43,95.38
北北基桃竹苗,2019,43,81.67
宜花東,2019,43,43.95
雲嘉南,2019,43,86.35
高屏,2019,43,69.3
中彰投,2019,44,85.19
北北基桃竹苗,2019,44,73.04
宜花東,2019,44,49.3
雲嘉南,2019,44,77.79
高屏,2019,44,81.21
中彰投,2019,45,83.96
北北基桃竹苗,2019,45,75.53
宜花東,2019,45,48.06
雲嘉南,2019,45,86.77
高屏,2019,45,84.08
中彰投,2019,46,109.07
北北基桃竹苗,2019,46,104.15
宜花東,2019,46,53.09
雲嘉南,2019,46,102.26
高屏,2019,46,84.12
中彰投,2019,47,83.27
北北基桃竹苗,2019,47,75.56
宜花東,2019,47,48.98
雲嘉南,2019,47,88.91
高屏,2019,47,95.03
中彰投,2019,48,85.55
北北基桃竹苗,2019,48,77.58
宜花東,2019,48,49.59
雲嘉南,2019,48,85.6
高屏,2019,48,92.02
中彰投,2019,49,81.82
北北基桃竹苗,2019,49,79.44
宜花東,2019,49,52.0
雲嘉南,2019,49,88.37
高屏,2019,49,91.02
中彰投,2019,50,121.14
北北基桃竹苗,2019,50,110.67
宜花東,2019,50,56.45
雲嘉南,2019,50,109.26
高屏,2019,50,98.84
中彰投,2019,51,103.83
北北基桃竹苗,2019,51,104.01
宜花東,2019,51,57.28
雲嘉南,2019,51,101.79
高屏,2019,51,100.27
中彰投,2019,52,106.43
北北基桃竹苗,2019,52,106.82
宜花東,2019,52,59.85
雲嘉南,2019,52,100.67
高屏,2019,52,107.43
中彰投,2016,1,172.0
北北基桃竹苗,2016,1,214.92
宜花東,2016,1,107.31
雲嘉南,2016,1,153.79
高屏,2016,1,150.45
中彰投,2016,2,128.1
北北基桃竹苗,2016,2,149.89
宜花東,2016,2,94.06
雲嘉南,2016,2,126.89
高屏,2016,2,140.26
中彰投,2016,3,158.57
北北基桃竹苗,2016,3,165.65
宜花東,2016,3,107.27
雲嘉南,2016,3,161.61
高屏,2016,3,162.28
中彰投,2016,4,145.09
北北基桃竹苗,2016,4,187.82
宜花東,2016,4,100.78
雲嘉南,2016,4,127.47
高屏,2016,4,146.32
中彰投,2016,5,138.13
北北基桃竹苗,2016,5,153.93
宜花東,2016,5,95.86
雲嘉南,2016,5,128.08
高屏,2016,5,147.22
中彰投,2016,6,113.15
北北基桃竹苗,2016,6,145.67
宜花東,2016,6,79.04
雲嘉南,2016,6,108.99
高屏,2016,6,107.43
中彰投,2016,7,128.6
北北基桃竹苗,2016,7,154.03
宜花東,2016,7,86.36
雲嘉南,2016,7,139.95
高屏,2016,7,134.58
中彰投,2016,8,147.31
北北基桃竹苗,2016,8,139.12
宜花東,2016,8,84.59
雲嘉南,2016,8,136.5
高屏,2016,8,142.51
中彰投,2016,9,156.07
北北基桃竹苗,2016,9,163.71
宜花東,2016,9,81.11
雲嘉南,2016,9,134.04
高屏,2016,9,130.55
中彰投,2016,10,150.75
北北基桃竹苗,2016,10,211.87
宜花東,2016,10,84.67
雲嘉南,2016,10,135.32
高屏,2016,10,133.42
中彰投,2016,11,187.41
北北基桃竹苗,2016,11,228.88
宜花東,2016,11,105.07
雲嘉南,2016,11,166.75
高屏,2016,11,165.67
中彰投,2016,12,163.83
北北基桃竹苗,2016,12,217.57
宜花東,2016,12,100.88
雲嘉南,2016,12,133.14
高屏,2016,12,129.13
中彰投,2016,13,136.27
北北基桃竹苗,2016,13,197.63
宜花東,2016,13,87.6
雲嘉南,2016,13,126.28
高屏,2016,13,128.05
中彰投,2016,14,115.56
北北基桃竹苗,2016,14,186.88
宜花東,2016,14,80.11
雲嘉南,2016,14,95.78
高屏,2016,14,96.86
中彰投,2016,15,119.31
北北基桃竹苗,2016,15,168.04
宜花東,2016,15,83.55
雲嘉南,2016,15,93.83
高屏,2016,15,100.63
中彰投,2016,16,113.34
北北基桃竹苗,2016,16,174.7
宜花東,2016,16,78.73
雲嘉南,2016,16,93.74
高屏,2016,16,93.31
中彰投,2016,17,96.22
北北基桃竹苗,2016,17,143.84
宜花東,2016,17,70.37
雲嘉南,2016,17,83.57
高屏,2016,17,81.39
中彰投,2016,18,105.59
北北基桃竹苗,2016,18,151.34
宜花東,2016,18,71.35
雲嘉南,2016,18,93.61
高屏,2016,18,82.58
中彰投,2016,19,95.19
北北基桃竹苗,2016,19,141.91
宜花東,2016,19,63.2
雲嘉南,2016,19,82.91
高屏,2016,19,75.5
中彰投,2016,20,96.3
北北基桃竹苗,2016,20,117.22
宜花東,2016,20,60.31
雲嘉南,2016,20,88.05
高屏,2016,20,84.14
中彰投,2016,21,110.68
北北基桃竹苗,2016,21,160.9
宜花東,2016,21,69.66
雲嘉南,2016,21,85.59
高屏,2016,21,76.4
中彰投,2016,22,62.56
北北基桃竹苗,2016,22,119.61
宜花東,2016,22,59.21
雲嘉南,2016,22,56.53
高屏,2016,22,62.72
中彰投,2016,23,71.01
北北基桃竹苗,2016,23,127.17
宜花東,2016,23,58.07
雲嘉南,2016,23,59.91
高屏,2016,23,63.9
中彰投,2016,24,65.43
北北基桃竹苗,2016,24,125.72
宜花東,2016,24,67.12
雲嘉南,2016,24,69.86
高屏,2016,24,76.42
中彰投,2016,25,69.66
北北基桃竹苗,2016,25,124.64
宜花東,2016,25,57.28
雲嘉南,2016,25,69.89
高屏,2016,25,66.43
中彰投,2016,26,71.4
北北基桃竹苗,2016,26,126.66
宜花東,2016,26,57.48
雲嘉南,2016,26,67.26
高屏,2016,26,58.35
中彰投,2016,27,72.83
北北基桃竹苗,2016,27,109.34
宜花東,2016,27,55.18
雲嘉南,2016,27,68.52
高屏,2016,27,64.85
中彰投,2016,28,56.31
北北基桃竹苗,2016,28,109.44
宜花東,2016,28,55.48
雲嘉南,2016,28,51.48
高屏,2016,28,56.7
中彰投,2016,29,64.99
北北基桃竹苗,2016,29,123.2
宜花東,2016,29,59.37
雲嘉南,2016,29,58.0
高屏,2016,29,62.02
中彰投,2016,30,68.97
北北基桃竹苗,2016,30,123.29
宜花東,2016,30,55.43
雲嘉南,2016,30,56.58
高屏,2016,30,67.25
中彰投,2016,31,75.81
北北基桃竹苗,2016,31,109.47
宜花東,2016,31,55.97
雲嘉南,2016,31,67.08
高屏,2016,31,64.66
中彰投,2016,32,74.95
北北基桃竹苗,2016,32,116.25
宜花東,2016,32,54.23
雲嘉南,2016,32,63.08
高屏,2016,32,68.26
中彰投,2016,33,77.57
北北基桃竹苗,2016,33,113.32
宜花東,2016,33,57.72
雲嘉南,2016,33,70.76
高屏,2016,33,68.94
中彰投,2016,34,69.71
北北基桃竹苗,2016,34,117.01
宜花東,2016,34,58.36
雲嘉南,2016,34,61.38
高屏,2016,34,73.43
中彰投,2016,35,83.75
北北基桃竹苗,2016,35,126.15
宜花東,2016,35,63.29
雲嘉南,2016,35,71.12
高屏,2016,35,77.0
中彰投,2016,36,76.33
北北基桃竹苗,2016,36,127.35
宜花東,2016,36,64.9
雲嘉南,2016,36,72.05
高屏,2016,36,84.0
中彰投,2016,37,90.12
北北基桃竹苗,2016,37,121.36
宜花東,2016,37,57.06
雲嘉南,2016,37,69.57
高屏,2016,37,66.95
中彰投,2016,38,91.42
北北基桃竹苗,2016,38,103.67
宜花東,2016,38,60.78
雲嘉南,2016,38,84.11
高屏,2016,38,80.53
中彰投,2016,39,91.31
北北基桃竹苗,2016,39,95.05
宜花東,2016,39,53.63
雲嘉南,2016,39,73.7
高屏,2016,39,73.25
中彰投,2016,40,105.9
北北基桃竹苗,2016,40,120.33
宜花東,2016,40,64.16
雲嘉南,2016,40,91.89
高屏,2016,40,94.85
中彰投,2016,41,94.84
北北基桃竹苗,2016,41,119.46
宜花東,2016,41,68.87
雲嘉南,2016,41,92.56
高屏,2016,41,94.31
中彰投,2016,42,113.05
北北基桃竹苗,2016,42,101.99
宜花東,2016,42,65.1
雲嘉南,2016,42,98.93
高屏,2016,42,103.6
中彰投,2016,43,114.49
北北基桃竹苗,2016,43,148.59
宜花東,2016,43,65.76
雲嘉南,2016,43,86.49
高屏,2016,43,84.64
中彰投,2016,44,98.52
北北基桃竹苗,2016,44,102.5
宜花東,2016,44,60.8
雲嘉南,2016,44,104.85
高屏,2016,44,112.5
中彰投,2016,45,125.46
北北基桃竹苗,2016,45,146.19
宜花東,2016,45,73.8
雲嘉南,2016,45,114.16
高屏,2016,45,109.95
中彰投,2016,46,152.11
北北基桃竹苗,2016,46,163.3
宜花東,2016,46,78.41
雲嘉南,2016,46,131.09
高屏,2016,46,121.33
中彰投,2016,47,147.21
北北基桃竹苗,2016,47,169.71
宜花東,2016,47,83.63
雲嘉南,2016,47,138.26
高屏,2016,47,142.63
中彰投,2016,48,131.49
北北基桃竹苗,2016,48,123.14
宜花東,2016,48,85.3
雲嘉南,2016,48,129.1
高屏,2016,48,131.52
中彰投,2016,49,134.93
北北基桃竹苗,2016,49,120.94
宜花東,2016,49,84.24
雲嘉南,2016,49,134.99
高屏,2016,49,149.91
中彰投,2016,50,145.32
北北基桃竹苗,2016,50,134.38
宜花東,2016,50,83.48
雲嘉南,2016,50,144.08
高屏,2016,50,140.32
中彰投,2016,51,158.25
北北基桃竹苗,2016,51,177.71
宜花東,2016,51,92.09
雲嘉南,2016,51,149.2
高屏,2016,51,151.97
中彰投,2016,52,143.54
北北基桃竹苗,2016,52,128.21
宜花東,2016,52,83.55
雲嘉南,2016,52,144.78
高屏,2016,52,149.19
中彰投,2017,1,148.95
北北基桃竹苗,2017,1,167.87
宜花東,2017,1,83.34
雲嘉南,2017,1,130.29
高屏,2017,1,132.32
中彰投,2017,2,143.58
北北基桃竹苗,2017,2,129.69
宜花東,2017,2,85.95
雲嘉南,2017,2,140.92
高屏,2017,2,148.4
中彰投,2017,3,124.26
北北基桃竹苗,2017,3,134.14
宜花東,2017,3,85.28
雲嘉南,2017,3,126.61
高屏,2017,3,142.59
中彰投,2017,4,122.52
北北基桃竹苗,2017,4,111.01
宜花東,2017,4,79.68
雲嘉南,2017,4,122.47
高屏,2017,4,139.68
中彰投,2017,5,96.18
北北基桃竹苗,2017,5,118.19
宜花東,2017,5,66.31
雲嘉南,2017,5,94.96
高屏,2017,5,117.56
中彰投,2017,6,112.86
北北基桃竹苗,2017,6,112.99
宜花東,2017,6,75.0
雲嘉南,2017,6,117.09
高屏,2017,6,135.75
中彰投,2017,7,149.75
北北基桃竹苗,2017,7,158.71
宜花東,2017,7,82.38
雲嘉南,2017,7,128.83
高屏,2017,7,132.84
中彰投,2017,8,140.31
北北基桃竹苗,2017,8,164.95
宜花東,2017,8,88.66
雲嘉南,2017,8,125.21
高屏,2017,8,131.6
中彰投,2017,9,132.62
北北基桃竹苗,2017,9,170.26
宜花東,2017,9,82.08
雲嘉南,2017,9,118.98
高屏,2017,9,120.75
中彰投,2017,10,148.07
北北基桃竹苗,2017,10,176.2
宜花東,2017,10,94.21
雲嘉南,2017,10,131.69
高屏,2017,10,138.01
中彰投,2017,11,131.05
北北基桃竹苗,2017,11,147.25
宜花東,2017,11,78.68
雲嘉南,2017,11,120.33
高屏,2017,11,115.53
中彰投,2017,12,124.16
北北基桃竹苗,2017,12,148.74
宜花東,2017,12,74.56
雲嘉南,2017,12,108.45
高屏,2017,12,99.48
中彰投,2017,13,128.93
北北基桃竹苗,2017,13,167.19
宜花東,2017,13,77.35
雲嘉南,2017,13,115.18
高屏,2017,13,104.2
中彰投,2017,14,111.69
北北基桃竹苗,2017,14,160.76
宜花東,2017,14,69.51
雲嘉南,2017,14,96.93
高屏,2017,14,87.05
中彰投,2017,15,130.23
北北基桃竹苗,2017,15,167.81
宜花東,2017,15,77.77
雲嘉南,2017,15,108.78
高屏,2017,15,104.72
中彰投,2017,16,87.16
北北基桃竹苗,2017,16,148.35
宜花東,2017,16,66.23
雲嘉南,2017,16,75.1
高屏,2017,16,77.26
中彰投,2017,17,121.07
北北基桃竹苗,2017,17,164.89
宜花東,2017,17,74.43
雲嘉南,2017,17,106.12
高屏,2017,17,98.6
中彰投,2017,18,118.92
北北基桃竹苗,2017,18,151.47
宜花東,2017,18,63.56
雲嘉南,2017,18,92.41
高屏,2017,18,82.15
中彰投,2017,19,98.23
北北基桃竹苗,2017,19,138.89
宜花東,2017,19,62.41
雲嘉南,2017,19,78.33
高屏,2017,19,73.69
中彰投,2017,20,101.86
北北基桃竹苗,2017,20,118.79
宜花東,2017,20,65.29
雲嘉南,2017,20,87.39
高屏,2017,20,85.1
中彰投,2017,21,97.56
北北基桃竹苗,2017,21,121.36
宜花東,2017,21,62.23
雲嘉南,2017,21,82.18
高屏,2017,21,72.85
中彰投,2017,22,77.57
北北基桃竹苗,2017,22,114.72
宜花東,2017,22,65.49
雲嘉南,2017,22,62.21
高屏,2017,22,63.22
中彰投,2017,23,81.78
北北基桃竹苗,2017,23,130.65
宜花東,2017,23,61.15
雲嘉南,2017,23,70.18
高屏,2017,23,65.39
中彰投,2017,24,70.1
北北基桃竹苗,2017,24,135.95
宜花東,2017,24,65.39
雲嘉南,2017,24,61.03
高屏,2017,24,60.11
中彰投,2017,25,72.01
北北基桃竹苗,2017,25,141.91
宜花東,2017,25,70.49
雲嘉南,2017,25,65.34
高屏,2017,25,63.44
中彰投,2017,26,67.57
北北基桃竹苗,2017,26,115.74
宜花東,2017,26,58.41
雲嘉南,2017,26,58.71
高屏,2017,26,63.52
中彰投,2017,27,70.48
北北基桃竹苗,2017,27,125.22
宜花東,2017,27,59.48
雲嘉南,2017,27,66.41
高屏,2017,27,61.58
中彰投,2017,28,69.37
北北基桃竹苗,2017,28,123.31
宜花東,2017,28,56.25
雲嘉南,2017,28,68.66
高屏,2017,28,64.36
中彰投,2017,29,74.8
北北基桃竹苗,2017,29,109.55
宜花東,2017,29,57.73
雲嘉南,2017,29,72.38
高屏,2017,29,73.41
中彰投,2017,30,71.91
北北基桃竹苗,2017,30,107.78
宜花東,2017,30,53.46
雲嘉南,2017,30,62.86
高屏,2017,30,65.01
中彰投,2017,31,59.84
北北基桃竹苗,2017,31,124.61
宜花東,2017,31,55.81
雲嘉南,2017,31,55.71
高屏,2017,31,63.34
中彰投,2017,32,53.28
北北基桃竹苗,2017,32,105.03
宜花東,2017,32,55.93
雲嘉南,2017,32,48.17
高屏,2017,32,51.79
中彰投,2017,33,73.46
北北基桃竹苗,2017,33,117.5
宜花東,2017,33,53.86
雲嘉南,2017,33,57.31
高屏,2017,33,60.25
中彰投,2017,34,84.0
北北基桃竹苗,2017,34,104.76
宜花東,2017,34,53.96
雲嘉南,2017,34,70.12
高屏,2017,34,70.62
中彰投,2017,35,82.16
北北基桃竹苗,2017,35,94.47
宜花東,2017,35,60.46
雲嘉南,2017,35,71.91
高屏,2017,35,71.46
中彰投,2017,36,70.96
北北基桃竹苗,2017,36,124.61
宜花東,2017,36,54.82
雲嘉南,2017,36,61.1
高屏,2017,36,56.54
中彰投,2017,37,89.6
北北基桃竹苗,2017,37,126.3
宜花東,2017,37,56.24
雲嘉南,2017,37,77.64
高屏,2017,37,67.97
中彰投,2017,38,101.1
北北基桃竹苗,2017,38,131.71
宜花東,2017,38,57.82
雲嘉南,2017,38,84.58
高屏,2017,38,76.04
中彰投,2017,39,86.66
北北基桃竹苗,2017,39,127.44
宜花東,2017,39,59.45
雲嘉南,2017,39,74.11
高屏,2017,39,68.92
中彰投,2017,40,94.96
北北基桃竹苗,2017,40,101.96
宜花東,2017,40,55.14
雲嘉南,2017,40,74.71
高屏,2017,40,75.64
中彰投,2017,41,99.4
北北基桃竹苗,2017,41,82.85
宜花東,2017,41,61.81
雲嘉南,2017,41,89.09
高屏,2017,41,84.64
中彰投,2017,42,84.48
北北基桃竹苗,2017,42,119.06
宜花東,2017,42,58.86
雲嘉南,2017,42,82.53
高屏,2017,42,82.92
中彰投,2017,43,94.6
北北基桃竹苗,2017,43,120.53
宜花東,2017,43,66.45
雲嘉南,2017,43,107.32
高屏,2017,43,101.01
中彰投,2017,44,98.84
北北基桃竹苗,2017,44,116.25
宜花東,2017,44,68.57
雲嘉南,2017,44,108.64
高屏,2017,44,109.59
中彰投,2017,45,114.64
北北基桃竹苗,2017,45,112.87
宜花東,2017,45,73.18
雲嘉南,2017,45,110.04
高屏,2017,45,117.32
中彰投,2017,46,128.31
北北基桃竹苗,2017,46,139.1
宜花東,2017,46,74.0
雲嘉南,2017,46,120.64
高屏,2017,46,117.32
中彰投,2017,47,113.19
北北基桃竹苗,2017,47,126.22
宜花東,2017,47,77.39
雲嘉南,2017,47,113.13
高屏,2017,47,129.31
中彰投,2017,48,114.85
北北基桃竹苗,2017,48,126.66
宜花東,2017,48,69.98
雲嘉南,2017,48,105.96
高屏,2017,48,122.37
中彰投,2017,49,121.07
北北基桃竹苗,2017,49,133.82
宜花東,2017,49,80.87
雲嘉南,2017,49,126.49
高屏,2017,49,136.11
中彰投,2017,50,143.48
北北基桃竹苗,2017,50,133.43
宜花東,2017,50,82.87
雲嘉南,2017,50,139.62
高屏,2017,50,139.06
中彰投,2017,51,121.16
北北基桃竹苗,2017,51,133.6
宜花東,2017,51,72.96
雲嘉南,2017,51,118.95
高屏,2017,51,127.18
中彰投,2017,52,141.19
北北基桃竹苗,2017,52,124.38
宜花東,2017,52,77.32
雲嘉南,2017,52,124.27
高屏,2017,52,117.03
中彰投,2018,1,154.99
北北基桃竹苗,2018,1,135.89
宜花東,2018,1,84.39
雲嘉南,2018,1,133.14
高屏,2018,1,139.9
中彰投,2018,2,119.88
北北基桃竹苗,2018,2,145.37
宜花東,2018,2,78.36
雲嘉南,2018,2,121.03
高屏,2018,2,128.21
中彰投,2018,3,157.65
北北基桃竹苗,2018,3,171.87
宜花東,2018,3,92.46
雲嘉南,2018,3,135.84
高屏,2018,3,147.04
中彰投,2018,4,124.16
北北基桃竹苗,2018,4,110.77
宜花東,2018,4,73.05
雲嘉南,2018,4,118.1
高屏,2018,4,128.13
中彰投,2018,5,111.75
北北基桃竹苗,2018,5,121.35
宜花東,2018,5,76.61
雲嘉南,2018,5,115.36
高屏,2018,5,130.59
中彰投,2018,6,154.36
北北基桃竹苗,2018,6,168.82
宜花東,2018,6,95.22
雲嘉南,2018,6,141.04
高屏,2018,6,138.4
中彰投,2018,7,119.17
北北基桃竹苗,2018,7,154.31
宜花東,2018,7,72.54
雲嘉南,2018,7,111.65
高屏,2018,7,104.88
中彰投,2018,8,129.52
北北基桃竹苗,2018,8,143.02
宜花東,2018,8,73.53
雲嘉南,2018,8,117.61
高屏,2018,8,114.45
中彰投,2018,9,147.86
北北基桃竹苗,2018,9,211.18
宜花東,2018,9,80.58
雲嘉南,2018,9,125.65
高屏,2018,9,110.36
中彰投,2018,10,104.43
北北基桃竹苗,2018,10,119.22
宜花東,2018,10,64.38
雲嘉南,2018,10,108.59
高屏,2018,10,109.67
中彰投,2018,11,140.86
北北基桃竹苗,2018,11,188.12
宜花東,2018,11,71.82
雲嘉南,2018,11,117.14
高屏,2018,11,107.03
中彰投,2018,12,112.36
北北基桃竹苗,2018,12,131.92
宜花東,2018,12,65.74
雲嘉南,2018,12,107.72
高屏,2018,12,95.17
中彰投,2018,13,106.32
北北基桃竹苗,2018,13,119.63
宜花東,2018,13,58.54
雲嘉南,2018,13,92.76
高屏,2018,13,84.94
中彰投,2018,14,91.25
北北基桃竹苗,2018,14,115.02
宜花東,2018,14,57.78
雲嘉南,2018,14,82.07
高屏,2018,14,76.36
中彰投,2018,15,91.29
北北基桃竹苗,2018,15,163.2
宜花東,2018,15,64.45
雲嘉南,2018,15,86.57
高屏,2018,15,81.69
中彰投,2018,16,112.19
北北基桃竹苗,2018,16,130.98
宜花東,2018,16,61.96
雲嘉南,2018,16,95.26
高屏,2018,16,88.09
中彰投,2018,17,109.86
北北基桃竹苗,2018,17,135.59
宜花東,2018,17,62.04
雲嘉南,2018,17,88.1
高屏,2018,17,72.85
中彰投,2018,18,89.95
北北基桃竹苗,2018,18,125.91
宜花東,2018,18,58.17
雲嘉南,2018,18,73.96
高屏,2018,18,69.48
中彰投,2018,19,94.58
北北基桃竹苗,2018,19,118.28
宜花東,2018,19,61.32
雲嘉南,2018,19,84.08
高屏,2018,19,68.3
中彰投,2018,20,76.08
北北基桃竹苗,2018,20,126.24
宜花東,2018,20,53.95
雲嘉南,2018,20,68.5
高屏,2018,20,66.31
中彰投,2018,21,84.96
北北基桃竹苗,2018,21,119.43
宜花東,2018,21,55.98
雲嘉南,2018,21,67.26
高屏,2018,21,62.38
中彰投,2018,22,76.96
北北基桃竹苗,2018,22,103.31
宜花東,2018,22,50.95
雲嘉南,2018,22,64.8
高屏,2018,22,62.14
中彰投,2018,23,79.83
北北基桃竹苗,2018,23,105.78
宜花東,2018,23,49.57
雲嘉南,2018,23,66.55
高屏,2018,23,60.75
中彰投,2018,24,83.58
北北基桃竹苗,2018,24,106.12
宜花東,2018,24,51.62
雲嘉南,2018,24,73.48
高屏,2018,24,61.34
中彰投,2018,25,64.87
北北基桃竹苗,2018,25,110.55
宜花東,2018,25,56.69
雲嘉南,2018,25,65.78
高屏,2018,25,70.22
中彰投,2018,26,71.38
北北基桃竹苗,2018,26,108.78
宜花東,2018,26,50.3
雲嘉南,2018,26,64.91
高屏,2018,26,60.63
中彰投,2018,27,67.07
北北基桃竹苗,2018,27,97.33
宜花東,2018,27,65.29
雲嘉南,2018,27,64.54
高屏,2018,27,75.07
中彰投,2018,28,70.86
北北基桃竹苗,2018,28,83.52
宜花東,2018,28,45.99
雲嘉南,2018,28,66.26
高屏,2018,28,61.3
中彰投,2018,29,69.64
北北基桃竹苗,2018,29,84.64
宜花東,2018,29,48.55
雲嘉南,2018,29,57.19
高屏,2018,29,56.7
中彰投,2018,30,67.3
北北基桃竹苗,2018,30,115.87
宜花東,2018,30,53.49
雲嘉南,2018,30,62.72
高屏,2018,30,62.7
中彰投,2018,31,61.24
北北基桃竹苗,2018,31,109.52
宜花東,2018,31,52.0
雲嘉南,2018,31,55.28
高屏,2018,31,60.57
中彰投,2018,32,66.08
北北基桃竹苗,2018,32,101.87
宜花東,2018,32,48.41
雲嘉南,2018,32,55.95
高屏,2018,32,55.5
中彰投,2018,33,65.1
北北基桃竹苗,2018,33,112.48
宜花東,2018,33,55.24
雲嘉南,2018,33,62.62
高屏,2018,33,65.31
中彰投,2018,34,66.23
北北基桃竹苗,2018,34,106.63
宜花東,2018,34,51.84
雲嘉南,2018,34,61.49
高屏,2018,34,59.71
中彰投,2018,35,74.42
北北基桃竹苗,2018,35,133.48
宜花東,2018,35,56.34
雲嘉南,2018,35,68.15
高屏,2018,35,72.27
中彰投,2018,36,69.29
北北基桃竹苗,2018,36,113.5
宜花東,2018,36,50.18
雲嘉南,2018,36,63.21
高屏,2018,36,60.81
中彰投,2018,37,96.64
北北基桃竹苗,2018,37,97.12
宜花東,2018,37,50.77
雲嘉南,2018,37,82.27
高屏,2018,37,71.91
中彰投,2018,38,85.26
北北基桃竹苗,2018,38,109.35
宜花東,2018,38,49.2
雲嘉南,2018,38,67.59
高屏,2018,38,65.33
中彰投,2018,39,65.72
北北基桃竹苗,2018,39,96.71
宜花東,2018,39,48.71
雲嘉南,2018,39,70.0
高屏,2018,39,68.96
中彰投,2018,40,91.1
北北基桃竹苗,2018,40,102.83
宜花東,2018,40,53.16
雲嘉南,2018,40,91.75
高屏,2018,40,77.8
中彰投,2018,41,101.52
北北基桃竹苗,2018,41,103.58
宜花東,2018,41,58.76
雲嘉南,2018,41,96.4
高屏,2018,41,84.36
中彰投,2018,42,103.95
北北基桃竹苗,2018,42,109.05
宜花東,2018,42,60.71
雲嘉南,2018,42,100.66
高屏,2018,42,86.91
中彰投,2018,43,105.13
北北基桃竹苗,2018,43,120.29
宜花東,2018,43,62.85
雲嘉南,2018,43,98.5
高屏,2018,43,86.69
中彰投,2018,44,118.96
北北基桃竹苗,2018,44,101.62
宜花東,2018,44,77.66
雲嘉南,2018,44,120.47
高屏,2018,44,128.33
中彰投,2018,45,130.25
北北基桃竹苗,2018,45,136.2
宜花東,2018,45,66.47
雲嘉南,2018,45,108.27
高屏,2018,45,95.45
中彰投,2018,46,131.03
北北基桃竹苗,2018,46,125.4
宜花東,2018,46,69.16
雲嘉南,2018,46,125.66
高屏,2018,46,104.44
中彰投,2018,47,123.38
北北基桃竹苗,2018,47,120.84
宜花東,2018,47,67.0
雲嘉南,2018,47,111.34
高屏,2018,47,110.09
中彰投,2018,48,138.09
北北基桃竹苗,2018,48,145.62
宜花東,2018,48,75.38
雲嘉南,2018,48,124.78
高屏,2018,48,118.88
中彰投,2018,49,130.93
北北基桃竹苗,2018,49,139.13
宜花東,2018,49,71.31
雲嘉南,2018,49,122.5
高屏,2018,49,120.56
中彰投,2018,50,122.52
北北基桃竹苗,2018,50,117.71
宜花東,2018,50,73.75
雲嘉南,2018,50,121.4
高屏,2018,50,133.06
中彰投,2018,51,147.08
北北基桃竹苗,2018,51,174.22
宜花東,2018,51,80.43
雲嘉南,2018,51,137.26
高屏,2018,51,129.11
中彰投,2018,52,100.37
北北基桃竹苗,2018,52,96.03
宜花東,2018,52,65.69
雲嘉南,2018,52,101.73
高屏,2018,52,117.26
中彰投,2019,1,142.58
北北基桃竹苗,2019,1,131.71
宜花東,2019,1,81.85
雲嘉南,2019,1,128.25
高屏,2019,1,140.28
中彰投,2019,2,147.65
北北基桃竹苗,2019,2,148.39
宜花東,2019,2,81.51
雲嘉南,2019,2,127.88
高屏,2019,2,130.53
中彰投,2019,3,122.98
北北基桃竹苗,2019,3,147.85
宜花東,2019,3,72.96
雲嘉南,2019,3,112.55
高屏,2019,3,120.74
中彰投,2019,4,132.79
北北基桃竹苗,2019,4,135.86
宜花東,2019,4,78.46
雲嘉南,2019,4,126.95
高屏,2019,4,133.46
中彰投,2019,5,145.24
北北基桃竹苗,2019,5,165.4
宜花東,2019,5,76.5
雲嘉南,2019,5,126.44
高屏,2019,5,120.18
中彰投,2019,6,87.4
北北基桃竹苗,2019,6,88.65
宜花東,2019,6,53.68
雲嘉南,2019,6,83.16
高屏,2019,6,83.68
中彰投,2019,7,119.65
北北基桃竹苗,2019,7,118.39
宜花東,2019,7,62.97
雲嘉南,2019,7,105.76
高屏,2019,7,97.86
中彰投,2019,8,130.23
北北基桃竹苗,2019,8,138.95
宜花東,2019,8,68.87
雲嘉南,2019,8,111.31
高屏,2019,8,93.07
中彰投,2019,9,120.51
北北基桃竹苗,2019,9,134.9
宜花東,2019,9,65.57
雲嘉南,2019,9,94.29
高屏,2019,9,91.1
中彰投,2019,10,134.91
北北基桃竹苗,2019,10,147.24
宜花東,2019,10,77.4
雲嘉南,2019,10,124.99
高屏,2019,10,111.84
中彰投,2019,11,131.43
北北基桃竹苗,2019,11,141.24
宜花東,2019,11,68.44
雲嘉南,2019,11,113.83
高屏,2019,11,103.25
中彰投,2019,12,124.93
北北基桃竹苗,2019,12,142.72
宜花東,2019,12,71.01
雲嘉南,2019,12,114.6
高屏,2019,12,105.96
中彰投,2019,13,98.36
北北基桃竹苗,2019,13,118.28
宜花東,2019,13,61.45
雲嘉南,2019,13,87.24
高屏,2019,13,85.72
中彰投,2019,14,100.47
北北基桃竹苗,2019,14,135.72
宜花東,2019,14,61.08
雲嘉南,2019,14,83.68
高屏,2019,14,80.09
中彰投,2019,15,92.7
北北基桃竹苗,2019,15,117.47
宜花東,2019,15,54.97
雲嘉南,2019,15,83.14
高屏,2019,15,79.81
中彰投,2019,16,106.93
北北基桃竹苗,2019,16,147.79
宜花東,2019,16,64.83
雲嘉南,2019,16,88.6
高屏,2019,16,86.33
中彰投,2019,17,78.68
北北基桃竹苗,2019,17,115.65
宜花東,2019,17,52.57
雲嘉南,2019,17,70.0
高屏,2019,17,69.36
中彰投,2019,18,97.2
北北基桃竹苗,2019,18,103.74
宜花東,2019,18,54.74
雲嘉南,2019,18,84.31
高屏,2019,18,73.91
中彰投,2019,19,108.73
北北基桃竹苗,2019,19,114.51
宜花東,2019,19,59.21
雲嘉南,2019,19,89.14
高屏,2019,19,83.1
中彰投,2019,20,71.45
北北基桃竹苗,2019,20,118.07
宜花東,2019,20,63.45
雲嘉南,2019,20,62.33
高屏,2019,20,60.57
中彰投,2019,21,101.92
北北基桃竹苗,2019,21,122.1
宜花東,2019,21,54.99
雲嘉南,2019,21,82.4
高屏,2019,21,69.7
中彰投,2019,22,78.51
北北基桃竹苗,2019,22,111.31
宜花東,2019,22,54.97
雲嘉南,2019,22,70.12
高屏,2019,22,61.78
中彰投,2019,23,70.23
北北基桃竹苗,2019,23,119.84
宜花東,2019,23,57.45
雲嘉南,2019,23,65.05
高屏,2019,23,62.54
中彰投,2019,24,86.68
北北基桃竹苗,2019,24,124.26
宜花東,2019,24,60.16
雲嘉南,2019,24,72.35
高屏,2019,24,64.04
中彰投,2019,25,67.09
北北基桃竹苗,2019,25,109.08
宜花東,2019,25,55.21
雲嘉南,2019,25,61.46
高屏,2019,25,61.52
中彰投,2019,26,65.22
北北基桃竹苗,2019,26,112.45
宜花東,2019,26,49.54
雲嘉南,2019,26,64.8
高屏,2019,26,62.94
中彰投,2019,27,53.8
北北基桃竹苗,2019,27,95.14
宜花東,2019,27,52.62
雲嘉南,2019,27,56.78
高屏,2019,27,66.41
中彰投,2019,28,52.58
北北基桃竹苗,2019,28,92.84
宜花東,2019,28,50.13
雲嘉南,2019,28,50.53
高屏,2019,28,55.88
中彰投,2019,29,65.07
北北基桃竹苗,2019,29,91.12
宜花東,2019,29,49.82
雲嘉南,2019,29,59.88
高屏,2019,29,61.56
中彰投,2019,30,61.37
北北基桃竹苗,2019,30,101.75
宜花東,2019,30,45.48
雲嘉南,2019,30,57.31
高屏,2019,30,55.72
中彰投,2019,31,67.49
北北基桃竹苗,2019,31,80.6
宜花東,2019,31,42.42
雲嘉南,2019,31,62.85
高屏,2019,31,59.91
中彰投,2019,32,55.54
北北基桃竹苗,2019,32,74.71
宜花東,2019,32,43.9
雲嘉南,2019,32,47.69
高屏,2019,32,50.89
中彰投,2019,33,54.6
北北基桃竹苗,2019,33,93.72
宜花東,2019,33,50.53
雲嘉南,2019,33,53.88
高屏,2019,33,65.69
中彰投,2019,34,73.42
北北基桃竹苗,2019,34,93.93
宜花東,2019,34,44.51
雲嘉南,2019,34,57.1
高屏,2019,34,54.56
中彰投,2019,35,71.74
北北基桃竹苗,2019,35,97.57
宜花東,2019,35,46.64
雲嘉南,2019,35,63.95
高屏,2019,35,64.12
中彰投,2019,36,72.28
北北基桃竹苗,2019,36,110.1
宜花東,2019,36,51.56
雲嘉南,2019,36,62.07
高屏,2019,36,58.73
中彰投,2019,37,72.22
北北基桃竹苗,2019,37,87.6
宜花東,2019,37,44.1
雲嘉南,2019,37,63.46
高屏,2019,37,58.99
中彰投,2019,38,68.05
北北基桃竹苗,2019,38,103.77
宜花東,2019,38,48.39
雲嘉南,2019,38,69.42
高屏,2019,38,65.47
中彰投,2019,39,95.59
北北基桃竹苗,2019,39,94.32
宜花東,2019,39,52.62
雲嘉南,2019,39,86.67
高屏,2019,39,71.85
中彰投,2019,40,81.76
北北基桃竹苗,2019,40,114.95
宜花東,2019,40,51.25
雲嘉南,2019,40,65.52
高屏,2019,40,63.5
中彰投,2019,41,93.26
北北基桃竹苗,2019,41,92.41
宜花東,2019,41,46.78
雲嘉南,2019,41,74.88
高屏,2019,41,60.13
中彰投,2019,42,81.49
北北基桃竹苗,2019,42,92.69
宜花東,2019,42,51.02
雲嘉南,2019,42,86.75
高屏,2019,42,80.35
中彰投,2019,43,108.0
北北基桃竹苗,2019,43,104.45
宜花東,2019,43,53.53
雲嘉南,2019,43,99.86
高屏,2019,43,80.19
中彰投,2019,44,97.9
北北基桃竹苗,2019,44,91.31
宜花東,2019,44,60.85
雲嘉南,2019,44,89.9
高屏,2019,44,93.65
中彰投,2019,45,96.26
北北基桃竹苗,2019,45,98.9
宜花東,2019,45,59.47
雲嘉南,2019,45,99.56
高屏,2019,45,96.38
中彰投,2019,46,125.92
北北基桃竹苗,2019,46,136.43
宜花東,2019,46,64.97
雲嘉南,2019,46,117.96
高屏,2019,46,96.52
中彰投,2019,47,100.54
北北基桃竹苗,2019,47,105.37
宜花東,2019,47,63.15
雲嘉南,2019,47,106.9
高屏,2019,47,111.3
中彰投,2019,48,100.51
北北基桃竹苗,2019,48,102.67
宜花東,2019,48,62.26
雲嘉南,2019,48,99.57
高屏,2019,48,106.89
中彰投,2019,49,99.49
北北基桃竹苗,2019,49,107.35
宜花東,2019,49,66.57
雲嘉南,2019,49,104.36
高屏,2019,49,108.19
中彰投,2019,50,152.81
北北基桃竹苗,2019,50,152.03
宜花東,2019,50,71.48
雲嘉南,2019,50,133.26
高屏,2019,50,115.73
中彰投,2019,51,142.49
北北基桃竹苗,2019,51,149.62
宜花東,2019,51,76.28
雲嘉南,2019,51,127.51
高屏,2019,51,123.27
中彰投,2019,52,129.71
北北基桃竹苗,2019,52,157.68
宜花東,2019,52,78.82
雲嘉南,2019,52,117.29
高屏,2019,52,129.83
