region,year,week,case_c,pop_total,case_per_capita(‰),NO,NO2,NOx,O3,PM10,PM25,SO2
中彰投,2016,1,58,153694,0.38,50.99,120.87,172.0,131.39,365.03,198.22,19.85
中彰投,2016,2,459,271832,1.69,21.4,106.74,128.1,175.08,298.23,162.66,18.4
中彰投,2016,3,411,264154,1.56,31.42,126.92,158.57,148.15,307.85,179.76,19.07
中彰投,2016,4,439,276165,1.59,35.8,109.8,145.09,165.63,276.77,136.08,18.25
中彰投,2016,5,484,266889,1.81,30.72,107.68,138.13,157.54,209.2,106.38,16.35
中彰投,2016,6,674,291565,2.31,19.26,94.58,113.15,270.51,435.61,257.3,21.27
中彰投,2016,7,468,278957,1.68,25.84,103.13,128.6,146.33,278.16,157.54,18.19
中彰投,2016,8,817,300724,2.72,24.23,122.84,147.31,190.15,442.57,241.52,18.51
中彰投,2016,9,710,296649,2.39,26.6,129.33,156.07,218.7,449.51,231.29,21.8
中彰投,2016,10,703,296721,2.37,27.98,122.79,150.75,177.2,390.26,235.0,22.72
中彰投,2016,11,698,295353,2.36,42.04,145.85,187.41,143.67,276.42,165.17,18.44
中彰投,2016,12,585,295501,1.98,34.83,129.02,163.83,159.74,392.15,227.65,18.23
中彰投,2016,13,528,291305,1.81,16.54,119.73,136.27,309.01,441.31,258.33,22.95
中彰投,2016,14,658,293610,2.24,18.53,97.01,115.56,213.58,506.85,309.7,22.09
中彰投,2016,15,518,293306,1.77,18.44,101.06,119.31,194.18,334.24,199.58,21.04
中彰投,2016,16,559,290999,1.92,17.48,96.18,113.34,205.93,330.7,177.66,19.3
中彰投,2016,17,499,285751,1.75,15.55,80.35,96.22,183.09,298.28,159.93,20.71
中彰投,2016,18,466,278827,1.67,17.21,88.9,105.59,234.73,380.33,219.75,20.75
中彰投,2016,19,460,272042,1.69,17.56,78.17,95.19,192.75,264.22,135.96,21.31
中彰投,2016,20,439,285374,1.54,13.92,82.66,96.3,267.84,315.61,161.54,20.9
中彰投,2016,21,441,266984,1.65,16.68,94.19,110.68,197.36,318.04,177.45,22.09
中彰投,2016,22,389,273646,1.42,13.9,48.77,62.56,151.36,204.3,83.12,16.2
中彰投,2016,23,379,264083,1.44,14.71,56.71,71.01,184.72,190.53,89.34,18.04
中彰投,2016,24,334,264253,1.26,15.11,50.55,65.43,137.3,153.1,58.91,14.21
中彰投,2016,25,335,258184,1.3,15.97,53.8,69.66,155.07,199.88,83.48,18.86
中彰投,2016,26,337,261347,1.29,15.68,55.18,71.4,158.32,205.37,93.45,18.72
中彰投,2016,27,308,263802,1.17,14.02,58.6,72.83,184.7,223.33,105.08,19.22
中彰投,2016,28,333,266016,1.25,14.82,42.06,56.31,143.56,140.59,57.19,14.65
中彰投,2016,29,280,242652,1.15,15.76,48.75,64.99,131.37,199.81,93.31,16.91
中彰投,2016,30,303,261031,1.16,13.98,55.06,68.97,182.4,241.71,132.41,20.06
中彰投,2016,31,324,265641,1.22,14.06,62.6,75.81,227.08,253.11,130.82,19.3
中彰投,2016,32,345,263649,1.31,13.58,61.95,74.95,207.97,238.96,122.04,19.6
中彰投,2016,33,307,257425,1.19,15.84,61.91,77.57,173.6,197.13,90.16,17.86
中彰投,2016,34,311,251619,1.24,11.63,58.66,69.71,233.14,312.97,164.67,20.14
中彰投,2016,35,328,269086,1.22,9.33,73.84,83.75,321.39,398.22,224.08,21.29
中彰投,2016,36,317,254126,1.25,15.03,61.39,76.33,164.19,170.26,78.87,15.07
中彰投,2016,37,350,262897,1.33,24.54,66.16,90.12,148.36,203.27,88.53,17.42
中彰投,2016,38,292,254044,1.15,15.45,75.18,91.42,224.73,290.16,128.85,18.23
中彰投,2016,39,338,255736,1.32,17.84,73.27,91.31,184.35,293.52,131.97,18.36
中彰投,2016,40,283,244148,1.16,19.68,86.18,105.9,199.77,349.96,191.01,21.31
中彰投,2016,41,333,251727,1.32,21.5,73.9,94.84,163.37,212.64,97.46,15.99
中彰投,2016,42,331,252889,1.31,14.96,97.77,113.05,262.04,533.51,300.12,25.46
中彰投,2016,43,354,262711,1.35,20.75,94.35,114.49,178.29,361.36,188.37,24.31
中彰投,2016,44,353,268656,1.31,13.41,85.82,98.52,236.28,343.92,158.04,18.17
中彰投,2016,45,364,260742,1.4,17.06,108.27,125.46,223.22,360.46,187.99,21.67
中彰投,2016,46,318,244882,1.3,23.66,128.87,152.11,220.42,517.58,281.32,23.83
中彰投,2016,47,352,266261,1.32,31.84,116.04,147.21,154.59,322.08,169.47,20.79
中彰投,2016,48,303,236618,1.28,21.82,109.63,131.49,164.77,304.14,135.47,17.25
中彰投,2016,49,339,241667,1.4,19.76,114.45,134.93,183.72,387.05,190.17,20.96
中彰投,2016,50,377,268978,1.4,29.95,115.4,145.32,188.94,380.85,184.75,19.32
中彰投,2016,51,377,268470,1.4,28.1,130.3,158.25,183.84,441.17,241.29,21.82
中彰投,2016,52,375,275204,1.36,27.92,115.79,143.54,179.69,407.4,196.29,18.3
中彰投,2017,1,439,277304,1.58,32.78,115.75,148.95,171.63,512.3,280.92,19.53
中彰投,2017,2,393,265172,1.48,25.49,118.31,143.58,175.94,365.68,198.47,19.49
中彰投,2017,3,461,276878,1.66,24.73,100.35,124.26,177.28,302.43,146.54,17.27
中彰投,2017,4,410,277813,1.48,18.51,104.06,122.52,213.29,356.25,182.69,18.42
中彰投,2017,5,361,255169,1.41,15.07,81.86,96.18,205.47,321.39,146.77,16.49
中彰投,2017,6,450,264242,1.7,15.84,97.31,112.86,222.85,445.61,232.8,18.86
中彰投,2017,7,459,272591,1.68,26.62,123.13,149.75,230.94,436.35,226.89,21.5
中彰投,2017,8,444,276473,1.61,26.83,113.51,140.31,187.07,380.91,203.92,17.19
中彰投,2017,9,422,268709,1.57,16.66,115.65,132.62,241.12,413.71,217.94,20.33
中彰投,2017,10,483,280591,1.72,23.35,124.49,148.07,224.69,405.27,244.81,19.68
中彰投,2017,11,415,277580,1.5,17.73,113.32,131.05,226.56,398.46,226.96,19.13
中彰投,2017,12,428,269228,1.59,16.16,107.79,124.16,252.02,381.48,204.53,19.28
中彰投,2017,13,489,294144,1.66,18.32,110.99,128.93,286.33,475.16,245.06,20.64
中彰投,2017,14,460,286306,1.61,13.35,98.52,111.69,304.84,433.87,243.66,21.15
中彰投,2017,15,486,283004,1.72,23.16,107.12,130.23,183.55,317.54,169.32,18.97
中彰投,2017,16,385,262526,1.47,15.4,72.54,87.16,195.25,290.73,158.28,17.96
中彰投,2017,17,422,282819,1.49,14.61,106.7,121.07,276.1,371.88,188.73,21.27
中彰投,2017,18,420,277967,1.51,18.13,101.19,118.92,240.33,371.82,204.17,21.48
中彰投,2017,19,418,277597,1.51,15.26,83.43,98.23,215.64,361.46,164.19,22.07
中彰投,2017,20,380,260444,1.46,13.98,88.97,101.86,248.77,240.35,119.75,18.59
中彰投,2017,21,410,268592,1.53,14.04,83.62,97.56,221.84,262.06,129.35,19.72
中彰投,2017,22,337,259219,1.3,13.22,64.28,77.57,197.09,207.76,101.58,17.27
中彰投,2017,23,367,265928,1.38,17.27,64.89,81.78,164.56,211.91,101.44,18.59
中彰投,2017,24,420,273341,1.54,16.07,54.34,70.1,121.14,155.74,53.95,14.31
中彰投,2017,25,466,284458,1.64,19.22,52.52,72.01,107.45,164.4,67.61,14.42
中彰投,2017,26,413,273995,1.51,13.85,54.49,67.57,157.65,210.86,95.19,17.96
中彰投,2017,27,426,272853,1.56,15.43,55.94,70.48,152.89,153.16,61.57,15.78
中彰投,2017,28,446,274453,1.63,12.7,56.61,69.37,167.52,195.25,85.09,18.46
中彰投,2017,29,422,262704,1.61,12.66,63.52,74.8,209.81,246.61,119.88,19.24
中彰投,2017,30,399,272156,1.47,9.83,61.89,71.91,211.19,269.31,152.74,22.57
中彰投,2017,31,339,251357,1.35,12.45,48.08,59.84,161.29,181.31,79.91,15.61
中彰投,2017,32,327,264385,1.24,12.01,42.52,53.28,127.89,203.54,90.48,14.86
中彰投,2017,33,326,251281,1.3,15.93,57.53,73.46,146.2,190.26,98.54,19.41
中彰投,2017,34,344,260196,1.32,14.96,69.06,84.0,192.52,259.84,134.59,20.1
中彰投,2017,35,321,243224,1.32,13.43,69.85,82.16,201.87,296.56,157.88,20.25
中彰投,2017,36,308,257089,1.2,11.53,58.98,70.96,180.05,233.22,118.58,18.61
中彰投,2017,37,315,253816,1.24,16.31,73.88,89.6,215.26,286.08,141.19,20.75
中彰投,2017,38,349,259177,1.35,8.74,91.94,101.1,311.67,411.09,237.81,27.73
中彰投,2017,39,301,247074,1.22,13.87,73.1,86.66,199.71,282.58,151.69,21.48
中彰投,2017,40,294,255430,1.15,12.57,83.22,94.96,240.37,376.07,193.15,20.64
中彰投,2017,41,294,252832,1.16,14.96,84.46,99.4,210.25,363.1,173.18,22.3
中彰投,2017,42,334,275429,1.21,14.99,69.43,84.48,199.33,214.49,86.24,14.57
中彰投,2017,43,363,247656,1.47,9.81,84.65,94.6,326.44,354.9,174.01,15.51
中彰投,2017,44,336,265502,1.27,13.79,85.36,98.84,256.9,330.63,135.89,15.76
中彰投,2017,45,334,260810,1.28,15.09,99.55,114.64,208.45,389.15,179.59,17.5
中彰投,2017,46,339,262142,1.29,23.2,105.4,128.31,164.29,340.78,161.84,19.39
中彰投,2017,47,294,246407,1.19,16.49,97.14,113.19,169.95,250.32,111.14,16.03
中彰投,2017,48,334,264648,1.26,18.84,96.09,114.85,193.99,342.41,163.05,17.06
中彰投,2017,49,332,261558,1.27,21.59,99.66,121.07,183.01,302.53,154.5,15.84
中彰投,2017,50,335,251872,1.33,30.66,112.54,143.48,164.58,324.75,158.57,17.63
中彰投,2017,51,414,261635,1.58,20.29,100.79,121.16,203.08,333.21,168.9,17.75
中彰投,2017,52,434,271183,1.6,21.65,119.82,141.19,203.99,502.76,279.41,21.4
中彰投,2018,1,413,296513,1.39,33.49,121.45,154.99,140.82,367.1,193.23,18.19
中彰投,2018,2,407,301050,1.35,24.0,95.69,119.88,183.53,235.32,116.99,15.93
中彰投,2018,3,494,309585,1.6,29.78,128.24,157.65,164.19,403.07,217.36,18.97
中彰投,2018,4,480,308111,1.56,19.09,105.5,124.16,181.75,292.95,132.66,16.37
中彰投,2018,5,477,299463,1.59,18.04,93.83,111.75,172.09,196.82,121.31,15.03
中彰投,2018,6,554,312330,1.77,37.77,116.3,154.36,164.19,296.54,165.25,16.18
中彰投,2018,7,478,317934,1.5,16.35,102.8,119.17,229.91,503.92,226.26,18.67
中彰投,2018,8,578,304260,1.9,19.13,110.3,129.52,180.51,355.43,199.65,17.25
中彰投,2018,9,581,314264,1.85,29.97,117.89,147.86,181.29,486.73,260.07,19.16
中彰投,2018,10,542,315628,1.72,14.96,89.13,104.43,211.34,292.37,137.67,15.87
中彰投,2018,11,525,306343,1.71,18.9,121.66,140.86,237.56,430.29,232.15,20.62
中彰投,2018,12,523,309512,1.69,14.38,97.96,112.36,274.89,383.18,182.86,16.33
中彰投,2018,13,599,323437,1.85,12.43,94.04,106.32,277.49,476.63,252.21,18.36
中彰投,2018,14,464,303202,1.53,13.25,79.01,91.25,240.68,469.29,204.63,17.98
中彰投,2018,15,497,304364,1.63,13.56,78.01,91.29,218.01,310.16,144.4,18.69
中彰投,2018,16,435,283959,1.53,11.42,100.31,112.19,284.44,438.53,224.08,22.43
中彰投,2018,17,410,287392,1.43,12.18,98.59,109.86,265.92,401.66,217.84,20.9
中彰投,2018,18,430,295849,1.45,12.05,78.22,89.95,237.69,350.78,175.25,20.31
中彰投,2018,19,416,291684,1.43,10.84,83.54,94.58,221.53,296.39,134.15,18.93
中彰投,2018,20,411,295032,1.39,15.51,60.17,76.08,142.14,215.99,104.69,18.46
中彰投,2018,21,366,273966,1.34,13.27,73.0,84.96,201.99,274.55,142.51,22.36
中彰投,2018,22,379,301599,1.26,9.83,67.02,76.96,244.69,261.33,124.74,19.64
中彰投,2018,23,380,289931,1.31,10.19,69.56,79.83,228.67,265.69,125.43,22.17
中彰投,2018,24,323,301890,1.07,8.49,74.57,83.58,291.46,263.84,126.08,20.62
中彰投,2018,25,322,265592,1.21,14.23,50.43,64.87,117.01,153.62,54.91,15.01
中彰投,2018,26,303,266518,1.14,15.38,56.73,71.38,145.64,202.31,87.0,18.76
中彰投,2018,27,349,294719,1.18,14.36,51.85,67.07,120.26,151.0,59.37,15.15
中彰投,2018,28,375,298382,1.26,13.16,57.91,70.86,182.4,252.5,124.49,21.54
中彰投,2018,29,369,301330,1.22,9.18,59.9,69.64,237.46,299.49,167.73,20.33
中彰投,2018,30,361,282977,1.28,13.48,55.18,67.3,160.69,205.03,101.88,18.3
中彰投,2018,31,393,291113,1.35,12.3,48.9,61.24,168.5,196.06,90.04,16.33
中彰投,2018,32,376,293292,1.28,8.89,55.79,66.08,238.73,261.75,158.42,20.62
中彰投,2018,33,393,294358,1.34,11.25,54.3,65.1,178.65,157.37,72.14,15.47
中彰投,2018,34,328,282985,1.16,10.42,55.77,66.23,208.64,134.51,63.84,15.8
中彰投,2018,35,420,302042,1.39,19.32,54.51,74.42,119.59,166.11,71.19,15.11
中彰投,2018,36,351,283196,1.24,13.77,56.78,69.29,195.33,216.87,105.13,16.05
中彰投,2018,37,360,288765,1.25,16.79,79.31,96.64,200.99,297.56,145.03,20.94
中彰投,2018,38,404,306369,1.32,14.82,70.25,85.26,199.98,302.99,169.24,18.97
中彰投,2018,39,360,284836,1.26,7.99,57.22,65.72,294.36,276.86,106.47,15.89
中彰投,2018,40,376,282310,1.33,9.39,81.55,91.1,359.47,362.51,168.17,17.77
中彰投,2018,41,358,286714,1.25,13.56,87.86,101.52,236.93,262.86,130.86,17.44
中彰投,2018,42,352,296617,1.19,12.18,91.57,103.95,246.66,267.82,128.07,17.9
中彰投,2018,43,377,297434,1.27,13.56,91.57,105.13,277.15,388.35,176.09,19.74
中彰投,2018,44,353,286165,1.23,20.14,99.99,118.96,223.9,278.6,118.6,16.62
中彰投,2018,45,402,304612,1.32,20.66,109.78,130.25,214.82,481.05,257.32,21.4
中彰投,2018,46,394,295991,1.33,19.22,111.66,131.03,203.48,355.89,171.27,20.22
中彰投,2018,47,357,293593,1.22,18.93,104.01,123.38,197.47,307.9,141.17,17.44
中彰投,2018,48,400,280047,1.43,26.51,112.08,138.09,185.44,350.31,172.78,19.39
中彰投,2018,49,403,292363,1.38,27.37,103.49,130.93,167.58,277.86,118.18,16.22
中彰投,2018,50,393,298335,1.32,20.9,102.49,122.52,155.82,249.02,111.41,16.14
中彰投,2018,51,425,299165,1.42,23.12,124.03,147.08,218.93,455.15,209.37,20.04
中彰投,2018,52,415,284034,1.46,15.38,85.01,100.37,186.17,199.23,75.97,14.44
中彰投,2019,1,253,261733,0.97,29.76,112.52,142.58,137.02,281.99,135.07,16.12
中彰投,2019,2,457,299157,1.53,31.75,115.86,147.65,149.47,334.43,147.06,16.1
中彰投,2019,3,441,296345,1.49,17.65,105.25,122.98,192.92,371.4,180.43,15.84
中彰投,2019,4,503,316561,1.59,19.32,113.76,132.79,225.4,400.97,180.34,17.46
中彰投,2019,5,563,314204,1.79,23.22,121.85,145.24,206.77,426.2,208.78,16.75
中彰投,2019,6,313,266723,1.17,11.42,76.29,87.4,195.66,325.37,155.84,14.94
中彰投,2019,7,591,310740,1.9,18.44,102.19,119.65,182.54,299.57,145.6,16.28
中彰投,2019,8,485,292043,1.66,21.13,109.15,130.23,177.18,333.09,171.96,15.59
中彰投,2019,9,452,310018,1.46,13.69,106.24,120.51,218.99,418.07,221.38,16.7
中彰投,2019,10,411,299887,1.37,19.32,115.54,134.91,190.63,213.08,119.57,14.96
中彰投,2019,11,439,302731,1.45,16.33,114.85,131.43,257.68,423.31,232.61,18.38
中彰投,2019,12,439,283953,1.55,22.63,102.61,124.93,179.11,337.55,181.56,16.85
中彰投,2019,13,526,304364,1.73,12.47,86.01,98.36,245.46,312.25,160.85,15.61
中彰投,2019,14,435,296214,1.47,14.8,85.4,100.47,254.75,374.4,217.67,15.93
中彰投,2019,15,507,323121,1.57,12.53,80.06,92.7,216.04,273.52,144.9,15.95
中彰投,2019,16,470,316600,1.48,14.63,92.26,106.93,217.21,249.19,134.66,15.87
中彰投,2019,17,468,306154,1.53,13.25,66.14,78.68,209.54,265.35,140.9,16.68
中彰投,2019,18,398,294885,1.35,13.5,83.69,97.2,213.16,240.1,113.47,13.85
中彰投,2019,19,479,314600,1.52,14.29,94.0,108.73,209.2,267.32,139.12,17.27
中彰投,2019,20,461,306501,1.5,14.94,55.98,71.45,124.6,184.85,88.32,14.17
中彰投,2019,21,440,291430,1.51,12.7,89.55,101.92,239.36,335.9,173.28,18.19
中彰投,2019,22,431,299368,1.44,13.39,64.38,78.51,166.68,180.81,80.37,16.7
中彰投,2019,23,391,286180,1.37,17.52,52.46,70.23,115.65,137.76,62.69,14.75
中彰投,2019,24,441,307772,1.43,14.84,72.1,86.68,212.54,137.95,79.05,15.03
中彰投,2019,25,421,290789,1.45,15.61,51.51,67.09,123.19,143.48,59.6,14.59
中彰投,2019,26,361,293060,1.23,14.82,50.28,65.22,158.13,129.67,57.05,14.21
中彰投,2019,27,348,299398,1.16,12.47,41.16,53.8,130.25,137.67,51.03,14.15
中彰投,2019,28,345,288209,1.2,12.7,39.69,52.58,133.63,135.33,75.89,14.0
中彰投,2019,29,383,298555,1.28,13.71,52.06,65.07,177.7,184.33,99.91,14.5
中彰投,2019,30,372,300992,1.24,13.98,48.08,61.37,151.61,138.68,64.63,15.22
中彰投,2019,31,351,278417,1.26,12.22,55.77,67.49,205.39,204.82,112.02,17.86
中彰投,2019,32,380,300773,1.26,13.1,43.09,55.54,185.73,206.12,94.6,15.26
中彰投,2019,33,317,277038,1.14,11.32,44.18,54.6,195.66,99.22,53.32,13.37
中彰投,2019,34,373,294470,1.27,14.02,59.29,73.42,179.69,187.49,108.65,16.54
中彰投,2019,35,362,290964,1.24,13.25,58.6,71.74,203.75,219.1,133.23,18.78
中彰投,2019,36,418,287935,1.45,13.77,59.5,72.28,195.6,179.63,108.67,17.25
中彰投,2019,37,354,291962,1.21,8.95,62.54,72.22,254.37,263.55,164.6,17.44
中彰投,2019,38,398,289502,1.37,7.88,59.52,68.05,352.14,257.62,108.88,15.28
中彰投,2019,39,400,285683,1.4,15.57,80.02,95.59,214.95,242.97,120.43,16.26
中彰投,2019,40,419,276105,1.52,13.41,69.87,81.76,262.88,360.77,245.13,18.25
中彰投,2019,41,413,289457,1.43,11.34,82.28,93.26,282.05,341.99,188.1,17.98
中彰投,2019,42,414,298522,1.39,10.4,71.34,81.49,299.64,260.7,109.9,15.34
中彰投,2019,43,395,284774,1.39,13.35,95.38,108.0,263.42,288.45,149.18,17.63
中彰投,2019,44,379,299959,1.26,12.39,85.19,97.9,257.91,357.08,157.75,15.43
中彰投,2019,45,419,305653,1.37,12.34,83.96,96.26,279.22,283.25,126.48,15.47
中彰投,2019,46,407,293591,1.39,17.46,109.07,125.92,274.43,406.9,220.88,17.04
中彰投,2019,47,403,297913,1.35,17.86,83.27,100.54,191.01,222.68,102.57,15.34
中彰投,2019,48,404,294193,1.37,14.78,85.55,100.51,215.68,256.19,111.04,15.45
中彰投,2019,49,408,303232,1.35,17.14,81.82,99.49,207.72,170.28,80.96,13.5
中彰投,2019,50,411,305985,1.34,31.77,121.14,152.81,186.97,319.34,172.9,16.49
中彰投,2019,51,464,307705,1.51,38.56,103.83,142.49,134.43,221.78,116.13,15.55
中彰投,2019,52,501,315801,1.59,23.22,106.43,129.71,155.15,223.06,110.62,15.49
北北基桃竹苗,2016,1,87,432806,0.2,80.44,134.85,214.92,140.31,332.04,174.13,21.16
北北基桃竹苗,2016,2,838,777104,1.08,38.71,111.24,149.89,201.74,272.55,142.5,18.4
北北基桃竹苗,2016,3,745,751020,0.99,43.96,121.71,165.65,184.2,285.22,153.72,16.9
北北基桃竹苗,2016,4,843,793116,1.06,73.56,114.24,187.82,177.5,246.91,111.75,19.47
北北基桃竹苗,2016,5,956,784656,1.22,45.46,108.86,153.93,189.69,165.17,65.92,14.66
北北基桃竹苗,2016,6,1254,806420,1.56,34.46,111.42,145.67,263.59,399.46,217.99,20.79
北北基桃竹苗,2016,7,816,761340,1.07,44.84,109.14,154.03,171.78,232.96,119.06,15.36
北北基桃竹苗,2016,8,1379,808749,1.71,36.21,103.21,139.12,235.55,363.63,150.25,14.31
北北基桃竹苗,2016,9,1332,815197,1.63,39.19,124.4,163.71,243.62,309.12,145.35,16.83
北北基桃竹苗,2016,10,1319,808525,1.63,66.99,145.01,211.87,164.37,322.43,180.5,21.81
北北基桃竹苗,2016,11,1188,799682,1.49,78.82,150.04,228.88,185.53,247.9,130.77,16.3
北北基桃竹苗,2016,12,1174,812814,1.44,78.99,138.74,217.57,216.82,320.83,167.99,16.89
北北基桃竹苗,2016,13,1087,808325,1.34,44.29,153.45,197.63,285.31,430.74,232.69,22.72
北北基桃竹苗,2016,14,1096,806923,1.36,46.83,139.94,186.88,191.38,457.48,277.47,24.81
北北基桃竹苗,2016,15,993,782703,1.27,39.44,129.05,168.04,180.85,286.73,164.4,20.39
北北基桃竹苗,2016,16,1018,802667,1.27,47.76,127.27,174.7,223.39,302.26,151.43,19.98
北北基桃竹苗,2016,17,952,801388,1.19,37.84,106.35,143.84,199.38,329.19,182.49,22.39
北北基桃竹苗,2016,18,923,803267,1.15,31.72,119.57,151.34,278.09,419.81,238.72,23.59
北北基桃竹苗,2016,19,886,781952,1.13,37.66,103.8,141.91,202.25,277.64,140.9,23.23
北北基桃竹苗,2016,20,886,788344,1.12,25.49,92.09,117.22,252.25,251.3,119.7,17.77
北北基桃竹苗,2016,21,885,798431,1.11,40.85,120.27,160.9,170.63,270.82,149.23,25.59
北北基桃竹苗,2016,22,806,799716,1.01,35.81,84.1,119.61,158.7,230.18,97.96,20.43
北北基桃竹苗,2016,23,826,772139,1.07,36.35,90.85,127.17,182.0,221.92,99.88,19.95
北北基桃竹苗,2016,24,716,765091,0.94,49.25,76.64,125.72,135.5,167.61,60.04,15.68
北北基桃竹苗,2016,25,783,786354,1.0,37.36,87.4,124.64,159.52,201.86,84.81,22.41
北北基桃竹苗,2016,26,756,784071,0.96,36.84,89.71,126.66,169.85,204.65,91.6,23.05
北北基桃竹苗,2016,27,652,749159,0.87,36.41,72.96,109.34,147.6,190.56,75.44,18.58
北北基桃竹苗,2016,28,628,761165,0.83,34.19,75.8,109.44,153.96,181.3,67.7,17.28
北北基桃竹苗,2016,29,657,763601,0.86,40.28,83.36,123.2,145.46,224.88,96.41,18.43
北北基桃竹苗,2016,30,667,767898,0.87,30.83,92.45,123.29,209.75,255.78,134.9,26.01
北北基桃竹苗,2016,31,691,784203,0.88,28.4,81.14,109.47,198.18,220.69,99.23,20.67
北北基桃竹苗,2016,32,703,770494,0.91,33.8,82.29,116.25,161.27,189.72,80.31,20.96
北北基桃竹苗,2016,33,642,777841,0.83,31.75,81.71,113.32,175.7,182.31,72.41,18.67
北北基桃竹苗,2016,34,638,750121,0.85,31.98,84.91,117.01,188.85,259.25,117.41,22.26
北北基桃竹苗,2016,35,641,764762,0.84,24.98,101.6,126.15,324.32,331.47,166.44,22.41
北北基桃竹苗,2016,36,673,762457,0.88,35.88,91.66,127.35,162.82,195.7,85.74,19.32
北北基桃竹苗,2016,37,651,742649,0.88,41.18,80.17,121.36,143.08,183.3,68.73,16.95
北北基桃竹苗,2016,38,581,750963,0.77,30.53,73.17,103.67,214.2,235.47,85.54,15.38
北北基桃竹苗,2016,39,685,756245,0.91,26.7,68.67,95.05,178.87,221.26,91.13,16.03
北北基桃竹苗,2016,40,587,768528,0.76,41.15,79.33,120.33,152.59,226.5,96.18,17.89
北北基桃竹苗,2016,41,689,775475,0.89,39.65,80.38,119.46,196.07,165.82,59.92,14.76
北北基桃竹苗,2016,42,609,749672,0.81,33.46,68.74,101.99,172.17,243.41,109.59,17.69
北北基桃竹苗,2016,43,681,780366,0.87,37.84,110.62,148.59,195.78,311.98,152.37,25.11
北北基桃竹苗,2016,44,691,764635,0.9,24.8,77.87,102.5,249.04,253.97,96.4,18.22
北北基桃竹苗,2016,45,745,772899,0.96,37.33,108.89,146.19,212.2,260.93,118.34,19.76
北北基桃竹苗,2016,46,802,791715,1.01,40.76,122.84,163.3,223.78,341.7,159.61,22.76
北北基桃竹苗,2016,47,778,769310,1.01,50.71,119.19,169.71,166.49,217.1,94.02,21.66
北北基桃竹苗,2016,48,740,771388,0.96,31.47,91.96,123.14,206.08,266.6,99.54,15.21
北北基桃竹苗,2016,49,769,788319,0.98,27.39,93.69,120.94,221.5,300.27,123.22,19.49
北北基桃竹苗,2016,50,785,782288,1.0,35.31,99.0,134.38,224.42,283.93,118.61,17.02
北北基桃竹苗,2016,51,774,767227,1.01,53.65,123.88,177.71,189.93,293.49,140.54,19.7
北北基桃竹苗,2016,52,818,789652,1.04,32.49,96.12,128.21,220.8,292.32,130.8,15.6
北北基桃竹苗,2017,1,873,789210,1.11,46.83,121.27,167.87,172.77,328.85,163.38,19.89
北北基桃竹苗,2017,2,790,767806,1.03,29.96,99.88,129.69,218.27,280.6,145.12,19.35
北北基桃竹苗,2017,3,780,774274,1.01,36.42,97.55,134.14,204.63,228.05,92.17,15.36
北北基桃竹苗,2017,4,769,783017,0.98,27.42,83.91,111.01,256.25,268.38,118.49,15.81
北北基桃竹苗,2017,5,752,767733,0.98,32.04,86.27,118.19,209.51,253.68,120.66,15.03
北北基桃竹苗,2017,6,880,759527,1.16,27.54,85.51,112.99,258.49,351.24,176.72,16.56
北北基桃竹苗,2017,7,881,793553,1.11,40.76,117.94,158.71,255.86,310.15,151.38,17.54
北北基桃竹苗,2017,8,862,790513,1.09,45.02,120.05,164.95,209.22,249.91,126.82,15.0
北北基桃竹苗,2017,9,785,781848,1.0,43.45,126.75,170.26,252.79,346.4,169.44,19.4
北北基桃竹苗,2017,10,824,780192,1.06,41.19,135.21,176.2,266.81,315.57,167.49,18.4
北北基桃竹苗,2017,11,913,804402,1.14,32.74,114.44,147.25,248.8,276.66,128.14,16.18
北北基桃竹苗,2017,12,865,781582,1.11,35.79,113.53,148.74,259.58,237.18,110.53,18.32
北北基桃竹苗,2017,13,888,787965,1.13,35.72,131.26,167.19,307.57,464.27,227.14,21.31
北北基桃竹苗,2017,14,832,787229,1.06,36.47,124.91,160.76,298.37,370.46,205.3,21.75
北北基桃竹苗,2017,15,959,798650,1.2,42.7,125.15,167.81,217.84,299.89,148.62,21.07
北北基桃竹苗,2017,16,876,785007,1.12,42.3,106.27,148.35,193.4,305.47,158.43,18.76
北北基桃竹苗,2017,17,786,783751,1.0,40.22,124.86,164.89,287.36,297.98,131.77,19.06
北北基桃竹苗,2017,18,849,773084,1.1,35.4,116.4,151.47,237.57,318.75,175.51,24.2
北北基桃竹苗,2017,19,879,785408,1.12,33.03,105.81,138.89,215.06,333.62,139.04,22.24
北北基桃竹苗,2017,20,855,784446,1.09,23.68,95.14,118.79,271.74,202.96,94.99,18.47
北北基桃竹苗,2017,21,851,790248,1.08,28.25,93.33,121.36,227.51,210.19,91.25,20.37
北北基桃竹苗,2017,22,714,779185,0.92,29.91,85.08,114.72,202.33,172.02,79.69,16.12
北北基桃竹苗,2017,23,925,797038,1.16,36.14,94.71,130.65,178.26,246.48,128.12,22.05
北北基桃竹苗,2017,24,847,782367,1.08,42.48,93.59,135.95,163.36,147.76,59.02,16.02
北北基桃竹苗,2017,25,904,786889,1.15,56.45,85.69,141.91,122.59,171.14,72.08,19.22
北北基桃竹苗,2017,26,867,772464,1.12,32.88,82.76,115.74,166.71,209.43,95.56,21.96
北北基桃竹苗,2017,27,924,787006,1.17,40.52,84.91,125.22,136.1,167.49,64.33,18.89
北北基桃竹苗,2017,28,939,791791,1.19,37.18,85.91,123.31,145.28,197.29,87.49,21.6
北北基桃竹苗,2017,29,796,783212,1.02,31.84,78.69,109.55,171.44,213.1,101.77,21.9
北北基桃竹苗,2017,30,813,782890,1.04,29.75,78.17,107.78,178.23,214.47,111.1,21.04
北北基桃竹苗,2017,31,781,781238,1.0,36.17,89.0,124.61,170.12,219.17,98.03,19.26
北北基桃竹苗,2017,32,711,765244,0.93,32.47,72.99,105.03,157.02,225.09,99.08,19.26
北北基桃竹苗,2017,33,677,780161,0.87,32.22,85.33,117.5,174.85,219.06,120.32,24.23
北北基桃竹苗,2017,34,676,767107,0.88,31.38,73.54,104.76,163.96,195.25,93.2,19.34
北北基桃竹苗,2017,35,652,780228,0.84,26.94,67.34,94.47,178.72,180.91,82.03,17.43
北北基桃竹苗,2017,36,683,774570,0.88,33.89,90.93,124.61,174.27,223.69,111.96,22.44
北北基桃竹苗,2017,37,703,775103,0.91,34.69,91.46,126.3,208.01,248.99,114.17,21.27
北北基桃竹苗,2017,38,691,767918,0.9,24.81,107.33,131.71,299.98,326.4,182.19,28.39
北北基桃竹苗,2017,39,703,767718,0.92,30.14,97.57,127.44,219.32,258.48,138.38,23.27
北北基桃竹苗,2017,40,679,787255,0.86,22.06,79.75,101.96,249.71,272.63,134.78,20.24
北北基桃竹苗,2017,41,627,760556,0.82,26.1,56.4,82.85,165.17,176.82,73.72,15.05
北北基桃竹苗,2017,42,649,788726,0.82,40.97,77.76,119.06,206.31,187.56,74.11,14.0
北北基桃竹苗,2017,43,715,777722,0.92,26.89,93.95,120.53,338.45,327.25,150.46,15.68
北北基桃竹苗,2017,44,705,774010,0.91,29.69,87.02,116.25,269.51,269.96,113.79,15.56
北北基桃竹苗,2017,45,743,778982,0.95,26.94,86.44,112.87,238.45,242.92,111.72,16.17
北北基桃竹苗,2017,46,772,784441,0.98,34.96,104.06,139.1,185.23,211.78,102.16,18.89
北北基桃竹苗,2017,47,765,773983,0.99,33.94,92.45,126.22,196.52,172.35,72.38,15.03
北北基桃竹苗,2017,48,796,773364,1.03,36.41,90.36,126.66,207.01,208.43,96.03,15.39
北北基桃竹苗,2017,49,770,754281,1.02,34.79,99.68,133.82,224.99,258.27,123.43,16.53
北北基桃竹苗,2017,50,827,784236,1.05,38.38,95.47,133.43,212.14,211.18,96.04,16.5
北北基桃竹苗,2017,51,858,779013,1.1,36.06,97.49,133.6,229.12,250.68,119.99,17.95
北北基桃竹苗,2017,52,986,802170,1.23,26.94,97.63,124.38,242.2,363.99,180.01,18.55
北北基桃竹苗,2018,1,917,876857,1.05,35.45,100.45,135.89,194.88,229.18,100.29,16.35
北北基桃竹苗,2018,2,993,883949,1.12,44.05,101.66,145.37,201.09,207.13,89.38,15.97
北北基桃竹苗,2018,3,1075,870336,1.24,49.85,122.04,171.87,200.22,254.98,128.14,20.66
北北基桃竹苗,2018,4,1002,870178,1.15,26.34,84.49,110.77,227.02,202.34,80.14,14.7
北北基桃竹苗,2018,5,946,860656,1.1,28.45,92.54,121.35,217.84,192.81,106.78,13.79
北北基桃竹苗,2018,6,1070,889997,1.2,52.01,117.22,168.82,211.02,265.88,128.2,15.39
北北基桃竹苗,2018,7,939,874075,1.07,37.42,116.86,154.31,242.26,475.18,193.92,18.5
北北基桃竹苗,2018,8,1106,878832,1.26,34.12,108.9,143.02,209.72,303.96,155.85,16.15
北北基桃竹苗,2018,9,1164,894020,1.3,70.27,141.11,211.18,179.67,408.5,211.42,21.49
北北基桃竹苗,2018,10,1173,871419,1.35,29.15,90.07,119.22,236.77,248.96,113.47,14.18
北北基桃竹苗,2018,11,1145,882062,1.3,49.52,138.61,188.12,215.0,323.21,163.44,21.58
北北基桃竹苗,2018,12,1077,875063,1.23,28.45,103.04,131.92,275.42,311.81,142.42,15.02
北北基桃竹苗,2018,13,1117,887645,1.26,27.54,91.88,119.63,252.07,340.55,154.15,15.93
北北基桃竹苗,2018,14,849,863386,0.98,25.41,90.0,115.02,254.3,468.06,190.97,16.44
北北基桃竹苗,2018,15,1067,875834,1.22,45.37,118.22,163.2,211.03,329.36,152.28,21.34
北北基桃竹苗,2018,16,1003,880088,1.14,24.46,106.41,130.98,300.78,390.07,172.16,19.53
北北基桃竹苗,2018,17,992,882922,1.12,25.52,110.1,135.59,285.62,311.05,171.11,19.85
北北基桃竹苗,2018,18,943,859664,1.1,26.65,99.56,125.91,248.37,304.62,160.48,20.87
北北基桃竹苗,2018,19,931,839621,1.11,24.41,94.4,118.28,261.87,285.15,122.22,20.96
北北基桃竹苗,2018,20,918,869101,1.06,32.5,93.41,126.24,167.21,259.15,133.78,26.16
北北基桃竹苗,2018,21,854,856693,1.0,25.02,94.8,119.43,224.25,275.75,133.96,24.35
北北基桃竹苗,2018,22,829,875580,0.95,20.87,82.19,103.31,260.27,234.63,117.83,20.52
北北基桃竹苗,2018,23,872,869304,1.0,27.34,78.32,105.78,178.95,207.44,94.25,20.78
北北基桃竹苗,2018,24,789,866053,0.91,21.31,85.11,106.12,295.9,221.49,102.29,15.72
北北基桃竹苗,2018,25,721,861595,0.84,35.85,74.37,110.55,129.44,168.45,66.32,17.74
北北基桃竹苗,2018,26,741,854729,0.87,29.62,79.35,108.78,170.35,203.21,101.4,22.63
北北基桃竹苗,2018,27,766,848544,0.9,32.65,64.68,97.33,151.73,170.56,68.06,17.31
北北基桃竹苗,2018,28,700,861773,0.81,30.6,53.02,83.52,128.81,183.32,78.05,17.47
北北基桃竹苗,2018,29,755,862431,0.88,32.88,51.69,84.64,124.12,177.6,83.07,17.65
北北基桃竹苗,2018,30,757,878842,0.86,33.26,82.92,115.87,169.09,251.22,119.64,21.72
北北基桃竹苗,2018,31,755,857597,0.88,28.97,81.16,109.52,197.68,239.35,110.19,20.91
北北基桃竹苗,2018,32,725,863325,0.84,25.65,76.45,101.87,191.56,243.46,133.88,21.99
北北基桃竹苗,2018,33,709,861107,0.82,28.79,83.63,112.48,180.13,189.61,78.82,18.74
北北基桃竹苗,2018,34,695,838667,0.83,26.26,80.89,106.63,189.81,174.31,72.2,17.11
北北基桃竹苗,2018,35,747,854175,0.87,41.1,92.39,133.48,139.36,196.13,82.22,17.22
北北基桃竹苗,2018,36,806,854097,0.94,28.22,85.29,113.5,195.85,230.18,110.03,19.4
北北基桃竹苗,2018,37,750,847692,0.88,31.87,65.71,97.12,155.65,195.13,79.6,16.53
北北基桃竹苗,2018,38,778,876288,0.89,28.79,80.83,109.35,182.42,265.6,144.68,21.52
北北基桃竹苗,2018,39,650,849331,0.77,23.23,73.16,96.71,286.3,271.46,95.71,14.28
北北基桃竹苗,2018,40,825,862822,0.96,19.82,82.7,102.83,357.13,292.01,120.21,16.59
北北基桃竹苗,2018,41,726,854039,0.85,22.06,81.58,103.58,256.11,187.8,83.9,15.84
北北基桃竹苗,2018,42,767,858608,0.89,22.17,86.57,109.05,280.73,209.99,85.87,15.18
北北基桃竹苗,2018,43,730,859175,0.85,27.55,93.21,120.29,274.45,324.62,128.69,18.8
北北基桃竹苗,2018,44,783,860311,0.91,23.59,79.24,101.62,295.35,211.27,79.71,14.73
北北基桃竹苗,2018,45,824,863239,0.95,34.34,101.65,136.2,192.53,287.46,150.23,20.18
北北基桃竹苗,2018,46,759,857920,0.88,29.94,95.58,125.4,206.14,216.97,101.8,17.8
北北基桃竹苗,2018,47,717,848418,0.85,29.05,91.66,120.84,213.53,182.67,89.91,16.08
北北基桃竹苗,2018,48,836,872843,0.96,35.78,110.0,145.62,223.03,268.33,132.33,18.91
北北基桃竹苗,2018,49,847,845735,1.0,40.67,98.63,139.13,186.62,186.49,88.68,17.81
北北基桃竹苗,2018,50,876,857847,1.02,32.1,85.48,117.71,177.33,150.2,73.56,14.78
北北基桃竹苗,2018,51,886,858032,1.03,45.84,128.57,174.22,225.02,331.63,160.03,20.85
北北基桃竹苗,2018,52,899,877531,1.02,25.65,70.15,96.03,211.65,107.81,51.39,13.31
北北基桃竹苗,2019,1,680,842406,0.81,37.5,94.28,131.71,171.13,139.46,71.68,14.67
北北基桃竹苗,2019,2,1072,878805,1.22,43.68,104.78,148.39,162.57,216.25,101.25,15.26
北北基桃竹苗,2019,3,1031,870498,1.18,39.29,108.75,147.85,220.38,273.81,133.52,15.17
北北基桃竹苗,2019,4,1088,883672,1.23,31.62,104.22,135.86,264.59,308.72,141.85,16.74
北北基桃竹苗,2019,5,1238,884896,1.4,45.17,120.57,165.4,210.34,310.06,165.91,17.02
北北基桃竹苗,2019,6,590,829665,0.71,20.12,68.76,88.65,216.16,227.17,112.34,12.41
北北基桃竹苗,2019,7,1217,882725,1.38,27.27,91.1,118.39,200.14,179.53,88.64,14.09
北北基桃竹苗,2019,8,1098,894189,1.23,35.63,103.21,138.95,211.65,214.68,105.28,14.91
北北基桃竹苗,2019,9,1001,865625,1.16,28.64,106.35,134.9,229.77,323.57,161.21,14.76
北北基桃竹苗,2019,10,1036,860296,1.2,32.94,114.87,147.24,245.06,193.17,108.1,13.88
北北基桃竹苗,2019,11,1097,885501,1.24,28.79,112.43,141.24,299.91,298.46,150.11,15.23
北北基桃竹苗,2019,12,1064,864266,1.23,34.67,107.87,142.72,229.34,265.49,137.43,15.65
北北基桃竹苗,2019,13,1032,888306,1.16,25.59,92.9,118.28,280.13,266.24,124.15,15.39
北北基桃竹苗,2019,14,911,869013,1.05,31.89,103.77,135.72,268.69,282.74,156.45,15.84
北北基桃竹苗,2019,15,1131,884805,1.28,26.92,90.55,117.47,258.1,233.47,120.76,15.39
北北基桃竹苗,2019,16,1079,879258,1.23,30.5,117.41,147.79,240.3,249.55,140.79,18.49
北北基桃竹苗,2019,17,1053,886924,1.19,27.79,87.83,115.65,232.76,232.65,120.78,20.22
北北基桃竹苗,2019,18,1052,874128,1.2,21.54,82.58,103.74,287.28,226.33,102.13,13.63
北北基桃竹苗,2019,19,1044,869489,1.2,23.59,90.75,114.51,254.15,172.25,88.4,15.88
北北基桃竹苗,2019,20,990,882469,1.12,37.23,81.44,118.07,153.73,208.28,105.34,16.05
北北基桃竹苗,2019,21,963,869217,1.11,25.38,96.58,122.1,267.56,271.1,122.49,15.76
北北基桃竹苗,2019,22,907,874551,1.04,30.26,81.19,111.31,208.97,188.78,78.63,15.68
北北基桃竹苗,2019,23,938,860059,1.09,45.35,75.04,119.84,127.75,161.06,70.09,16.09
北北基桃竹苗,2019,24,999,864680,1.16,30.69,94.17,124.26,254.53,154.25,83.55,15.23
北北基桃竹苗,2019,25,943,875362,1.08,31.38,78.11,109.08,148.85,145.26,63.63,15.56
北北基桃竹苗,2019,26,963,885878,1.09,33.1,79.57,112.45,165.31,144.98,67.31,15.44
北北基桃竹苗,2019,27,868,871102,1.0,30.35,64.63,95.14,155.32,131.97,60.19,14.03
北北基桃竹苗,2019,28,927,864539,1.07,29.72,63.12,92.84,149.02,142.86,82.82,14.52
北北基桃竹苗,2019,29,933,883716,1.06,30.08,61.52,91.12,147.04,152.19,70.45,15.05
北北基桃竹苗,2019,30,868,878038,0.99,30.09,72.09,101.75,166.7,152.44,77.42,15.72
北北基桃竹苗,2019,31,884,867427,1.02,27.88,52.72,80.6,150.98,132.22,74.94,15.42
北北基桃竹苗,2019,32,746,849780,0.88,26.46,48.1,74.71,162.15,149.78,74.89,13.48
北北基桃竹苗,2019,33,824,863206,0.95,24.81,68.79,93.72,220.57,133.27,77.42,14.51
北北基桃竹苗,2019,34,852,882800,0.97,28.39,65.42,93.93,163.12,146.25,74.7,15.62
北北基桃竹苗,2019,35,846,874069,0.97,32.53,65.11,97.57,158.47,165.16,98.52,16.78
北北基桃竹苗,2019,36,903,861198,1.05,38.08,72.38,110.1,150.93,142.84,82.41,16.39
北北基桃竹苗,2019,37,800,854158,0.94,27.01,60.8,87.6,188.69,165.43,96.04,15.38
北北基桃竹苗,2019,38,920,863391,1.07,23.8,80.04,103.77,315.69,229.62,98.01,14.15
北北基桃竹苗,2019,39,916,869788,1.05,27.34,66.66,94.32,182.07,126.49,57.47,14.3
北北基桃竹苗,2019,40,851,862151,0.99,32.76,82.0,114.95,228.68,248.25,161.22,16.53
北北基桃竹苗,2019,41,863,861529,1.0,18.89,73.74,92.41,306.86,222.8,118.55,15.57
北北基桃竹苗,2019,42,980,881620,1.11,19.95,72.62,92.69,317.77,229.12,96.13,13.7
北北基桃竹苗,2019,43,920,871289,1.06,22.9,81.67,104.45,283.9,195.99,96.15,15.41
北北基桃竹苗,2019,44,872,885424,0.98,18.62,73.04,91.31,304.81,286.03,122.89,13.97
北北基桃竹苗,2019,45,916,859289,1.07,23.45,75.53,98.9,302.59,200.77,88.95,14.18
北北基桃竹苗,2019,46,849,875314,0.97,32.31,104.15,136.43,271.47,297.32,151.28,16.14
北北基桃竹苗,2019,47,917,872368,1.05,30.2,75.56,105.37,195.85,154.87,67.79,14.22
北北基桃竹苗,2019,48,958,870655,1.1,24.81,77.58,102.67,225.75,167.54,80.29,14.54
北北基桃竹苗,2019,49,873,877143,1.0,27.84,79.44,107.35,250.25,159.94,74.19,14.13
北北基桃竹苗,2019,50,998,872920,1.14,41.22,110.67,152.03,217.52,225.2,118.1,17.29
北北基桃竹苗,2019,51,950,862415,1.1,45.89,104.01,149.62,156.74,133.22,70.79,15.82
北北基桃竹苗,2019,52,1009,873394,1.16,50.75,106.82,157.68,163.8,162.03,84.81,14.43
宜花東,2016,1,10,19973,0.5,31.69,75.7,107.31,152.91,200.73,92.63,14.4
宜花東,2016,2,86,47810,1.8,21.62,72.47,94.06,188.6,197.23,99.26,12.54
宜花東,2016,3,91,48623,1.87,27.9,79.86,107.27,166.01,220.85,116.58,14.61
宜花東,2016,4,60,35831,1.67,30.66,70.88,100.78,174.33,182.84,87.33,13.04
宜花東,2016,5,73,49820,1.47,24.45,71.46,95.86,181.16,140.74,65.07,11.96
宜花東,2016,6,128,52177,2.45,17.28,62.7,79.04,258.34,317.09,167.53,12.89
宜花東,2016,7,78,40516,1.93,21.71,64.97,86.36,172.56,183.26,93.1,12.27
宜花東,2016,8,123,52137,2.36,17.92,67.12,84.59,237.38,297.03,131.44,12.5
宜花東,2016,9,131,52011,2.52,18.12,64.04,81.11,247.66,275.46,119.81,12.6
宜花東,2016,10,145,54471,2.66,22.36,62.73,84.67,174.75,203.66,98.1,13.55
宜花東,2016,11,140,56148,2.49,27.38,78.26,105.07,198.04,189.64,93.86,12.6
宜花東,2016,12,105,48325,2.17,27.26,73.58,100.88,208.33,260.87,133.72,12.92
宜花東,2016,13,82,43045,1.9,16.05,71.31,87.6,293.78,321.75,164.92,14.34
宜花東,2016,14,92,49446,1.86,16.84,63.12,80.11,200.54,321.71,168.12,14.59
宜花東,2016,15,84,46775,1.8,17.92,66.57,83.55,184.46,228.39,111.33,14.64
宜花東,2016,16,105,45892,2.29,19.81,60.02,78.73,203.44,227.75,96.94,14.52
宜花東,2016,17,60,35612,1.68,18.12,52.38,70.37,176.01,239.33,112.3,14.93
宜花東,2016,18,82,44641,1.84,16.49,55.51,71.35,246.23,335.01,159.91,14.79
宜花東,2016,19,100,49079,2.04,16.1,47.25,63.2,169.9,204.21,76.78,12.15
宜花東,2016,20,73,43448,1.68,14.32,46.19,60.31,221.56,183.11,75.01,12.67
宜花東,2016,21,86,48101,1.79,17.8,52.65,69.66,167.06,178.52,79.41,13.88
宜花東,2016,22,85,46401,1.83,16.47,42.88,59.21,143.45,190.97,71.68,14.05
宜花東,2016,23,100,52948,1.89,15.73,42.77,58.07,152.99,161.98,65.12,12.67
宜花東,2016,24,68,44497,1.53,25.02,47.12,67.12,114.57,165.27,54.52,12.17
宜花東,2016,25,63,43248,1.46,19.22,37.68,57.28,120.38,157.8,57.68,13.75
宜花東,2016,26,76,41946,1.81,19.55,37.25,57.48,108.62,157.03,53.14,13.46
宜花東,2016,27,68,43896,1.55,20.14,34.7,55.18,102.73,148.11,49.0,11.9
宜花東,2016,28,62,44236,1.4,17.43,38.11,55.48,154.96,185.47,53.91,12.12
宜花東,2016,29,73,43593,1.67,18.76,41.07,59.37,144.73,198.52,73.74,13.97
宜花東,2016,30,57,39686,1.44,16.76,38.89,55.43,155.28,185.05,83.53,14.84
宜花東,2016,31,83,48275,1.72,16.61,39.39,55.97,148.65,200.81,69.56,13.46
宜花東,2016,32,59,46087,1.28,16.46,39.06,54.23,163.74,165.76,69.24,13.58
宜花東,2016,33,72,41535,1.73,17.53,41.68,57.72,143.21,151.51,50.58,13.56
宜花東,2016,34,72,43633,1.65,16.64,41.65,58.36,176.09,205.64,89.1,14.29
宜花東,2016,35,63,44997,1.4,15.08,49.56,63.29,257.1,266.07,120.65,14.32
宜花東,2016,36,73,46084,1.58,18.96,46.0,64.9,147.17,177.52,69.28,13.73
宜花東,2016,37,54,49351,1.09,19.2,37.2,57.06,137.39,146.43,47.74,13.63
宜花東,2016,38,56,35083,1.6,17.33,42.86,60.78,194.33,204.82,76.12,12.79
宜花東,2016,39,51,42235,1.21,15.87,37.02,53.63,196.17,254.61,85.16,11.86
宜花東,2016,40,64,44236,1.45,20.43,43.03,64.16,129.08,179.95,69.07,14.19
宜花東,2016,41,59,32353,1.82,23.73,46.09,68.87,127.95,123.39,43.63,12.22
宜花東,2016,42,62,48264,1.28,22.4,42.62,65.1,131.6,205.42,73.95,13.09
宜花東,2016,43,56,36022,1.55,18.12,47.5,65.76,148.19,199.01,67.39,13.63
宜花東,2016,44,76,46963,1.62,14.76,46.32,60.8,231.74,269.53,74.85,13.12
宜花東,2016,45,81,45788,1.77,17.35,55.28,73.8,202.75,223.36,77.0,12.62
宜花東,2016,46,76,43180,1.76,17.84,60.48,78.41,206.33,285.32,118.26,13.71
宜花東,2016,47,82,47208,1.74,22.58,60.19,83.63,159.27,192.42,76.46,13.07
宜花東,2016,48,79,49051,1.61,19.6,65.56,85.3,183.19,234.25,82.75,11.96
宜花東,2016,49,110,50257,2.19,17.7,66.08,84.24,202.75,282.25,115.16,13.9
宜花東,2016,50,91,49679,1.83,18.59,64.95,83.48,206.13,233.52,94.63,13.66
宜花東,2016,51,88,50750,1.73,23.07,68.1,92.09,167.51,241.53,103.96,14.1
宜花東,2016,52,105,51554,2.04,18.76,64.97,83.55,194.75,292.28,113.4,12.84
宜花東,2017,1,96,47363,2.03,20.71,62.6,83.34,170.84,237.21,104.65,13.02
宜花東,2017,2,69,44124,1.56,17.53,69.04,85.95,205.91,268.0,124.7,13.28
宜花東,2017,3,88,46963,1.87,19.65,65.32,85.28,197.48,216.66,87.75,12.5
宜花東,2017,4,84,48356,1.74,16.41,62.43,79.68,229.38,250.54,108.52,12.87
宜花東,2017,5,82,47829,1.71,15.56,51.57,66.31,208.22,199.35,83.58,12.3
宜花東,2017,6,97,46341,2.09,16.79,59.53,75.0,237.78,332.33,155.16,13.41
宜花東,2017,7,125,51505,2.43,18.16,64.26,82.38,232.46,260.14,119.24,12.96
宜花東,2017,8,76,46315,1.64,19.55,69.48,88.66,203.88,221.0,101.31,12.69
宜花東,2017,9,94,48207,1.95,15.48,66.94,82.08,258.9,301.86,142.66,12.13
宜花東,2017,10,91,50069,1.82,17.26,76.18,94.21,251.73,240.14,124.67,12.59
宜花東,2017,11,81,37299,2.17,18.12,62.11,78.68,234.84,222.18,102.54,11.54
宜花東,2017,12,95,46205,2.06,16.29,58.2,74.56,249.54,208.23,96.1,12.65
宜花東,2017,13,85,45908,1.85,16.15,62.33,77.35,280.05,342.28,151.85,10.92
宜花東,2017,14,73,35122,2.08,13.39,56.24,69.51,271.57,299.65,143.11,13.04
宜花東,2017,15,94,43530,2.16,17.38,60.32,77.77,217.47,235.27,109.0,13.02
宜花東,2017,16,114,50480,2.26,18.46,48.9,66.23,172.98,237.98,107.74,14.15
宜花東,2017,17,93,47572,1.95,16.71,58.27,74.43,276.87,239.78,101.37,12.77
宜花東,2017,18,101,50450,2.0,15.88,47.96,63.56,203.49,230.55,107.83,12.54
宜花東,2017,19,98,41363,2.37,16.54,44.91,62.41,190.19,228.38,87.47,15.3
宜花東,2017,20,81,44024,1.84,14.79,51.96,65.29,248.57,178.87,76.76,14.56
宜花東,2017,21,109,51329,2.12,15.99,46.81,62.23,207.69,163.29,61.84,12.33
宜花東,2017,22,72,49499,1.45,17.13,50.03,65.49,182.61,152.44,62.19,12.77
宜花東,2017,23,94,49659,1.89,20.53,40.92,61.15,127.56,172.61,64.35,14.0
宜花東,2017,24,88,43866,2.01,19.72,45.72,65.39,140.15,184.47,47.89,12.13
宜花東,2017,25,96,49802,1.93,22.4,48.21,70.49,136.11,199.26,67.48,15.77
宜花東,2017,26,82,49255,1.66,18.14,40.89,58.41,126.91,196.27,75.79,17.21
宜花東,2017,27,97,43276,2.24,23.22,35.81,59.48,89.05,151.44,46.21,14.89
宜花東,2017,28,90,46757,1.92,19.23,37.2,56.25,106.7,148.7,53.39,15.23
宜花東,2017,29,97,45312,2.14,19.33,37.91,57.73,108.08,160.02,63.72,15.3
宜花東,2017,30,81,48649,1.66,17.23,36.53,53.46,123.75,171.06,67.8,14.29
宜花東,2017,31,74,41691,1.77,17.5,39.21,55.81,157.79,228.75,86.47,14.37
宜花東,2017,32,56,41815,1.34,15.04,40.42,55.93,176.16,233.15,98.72,14.89
宜花東,2017,33,76,43230,1.76,15.95,37.36,53.86,151.83,191.76,88.39,14.05
宜花東,2017,34,74,47435,1.56,17.38,36.6,53.96,131.64,179.95,62.39,12.65
宜花東,2017,35,68,50816,1.34,18.32,42.4,60.46,122.01,168.57,60.61,12.38
宜花東,2017,36,66,39215,1.68,14.77,39.61,54.82,136.65,196.71,73.0,13.23
宜花東,2017,37,65,41353,1.57,16.69,39.69,56.24,168.24,207.95,85.75,12.92
宜花東,2017,38,69,44028,1.57,14.59,42.96,57.82,205.91,233.66,112.57,14.99
宜花東,2017,39,62,41492,1.49,16.24,43.38,59.45,159.05,189.39,84.76,14.32
宜花東,2017,40,75,40716,1.84,11.98,42.69,55.14,192.67,235.29,101.48,13.38
宜花東,2017,41,71,43224,1.64,18.56,42.69,61.81,134.14,164.87,58.88,12.06
宜花東,2017,42,70,43800,1.6,16.86,41.85,58.86,185.18,189.62,63.1,10.43
宜花東,2017,43,72,47837,1.51,12.97,52.74,66.45,298.53,328.46,134.67,11.78
宜花東,2017,44,76,46893,1.62,14.02,54.32,68.57,246.95,322.03,96.91,12.35
宜花東,2017,45,74,42859,1.73,15.95,57.6,73.18,182.4,218.18,88.8,12.32
宜花東,2017,46,88,44427,1.98,18.16,56.96,74.0,172.43,194.99,79.07,12.64
宜花東,2017,47,96,45292,2.12,17.89,60.53,77.39,191.49,205.22,77.49,11.64
宜花東,2017,48,80,48581,1.65,15.13,55.21,69.98,187.3,211.8,80.37,11.83
宜花東,2017,49,78,43567,1.79,16.83,65.0,80.87,215.49,246.09,109.51,11.76
宜花東,2017,50,91,49767,1.83,17.35,65.94,82.87,192.03,225.73,96.52,12.81
宜花東,2017,51,74,39865,1.86,14.12,58.04,72.96,214.73,234.69,95.34,12.59
宜花東,2017,52,94,47317,1.99,11.95,64.41,77.32,227.28,309.16,147.72,12.82
宜花東,2018,1,90,50376,1.79,18.98,65.52,84.39,174.04,209.55,97.01,12.33
宜花東,2018,2,95,45583,2.08,16.94,61.54,78.36,206.0,211.65,93.94,15.06
宜花東,2018,3,124,56432,2.2,20.65,72.39,92.46,180.67,223.31,108.65,15.8
宜花東,2018,4,89,55925,1.59,12.57,60.12,73.05,218.23,212.84,85.26,13.98
宜花東,2018,5,116,60260,1.92,14.77,62.33,76.61,216.02,166.7,73.89,10.94
宜花東,2018,6,114,56992,2.0,22.77,72.41,95.22,194.92,201.79,91.79,11.91
宜花東,2018,7,103,55726,1.85,13.29,58.69,72.54,230.43,328.53,126.34,13.68
宜花東,2018,8,99,48903,2.02,14.34,58.91,73.53,212.69,219.83,97.5,13.29
宜花東,2018,9,142,61722,2.3,19.97,60.58,80.58,191.86,266.71,114.1,15.04
宜花東,2018,10,117,53838,2.17,12.6,51.57,64.38,229.65,231.56,89.84,12.87
宜花東,2018,11,104,46434,2.24,14.29,57.19,71.82,233.83,231.88,99.8,14.17
宜花東,2018,12,100,50169,1.99,11.69,53.76,65.74,259.59,279.31,112.17,14.1
宜花東,2018,13,108,56992,1.9,11.49,46.44,58.54,230.9,278.44,111.81,14.1
宜花東,2018,14,88,49110,1.79,10.62,46.64,57.78,229.7,380.29,122.52,14.15
宜花東,2018,15,125,58174,2.15,16.84,47.47,64.45,194.38,231.1,81.27,14.69
宜花東,2018,16,108,54477,1.98,10.21,51.14,61.96,253.58,276.01,102.63,14.34
宜花東,2018,17,123,58362,2.11,13.24,49.49,62.04,254.88,252.98,106.85,14.03
宜花東,2018,18,101,53819,1.88,11.61,45.82,58.17,206.42,240.54,93.22,14.3
宜花東,2018,19,92,52431,1.75,13.55,47.49,61.32,206.16,231.96,83.58,14.34
宜花東,2018,20,100,54480,1.84,15.7,38.28,53.95,130.26,179.02,72.0,15.95
宜花東,2018,21,82,41201,1.99,13.44,42.61,55.98,192.43,218.58,89.54,15.23
宜花東,2018,22,95,54716,1.74,11.09,39.64,50.95,218.7,189.45,76.73,14.64
宜花東,2018,23,94,53540,1.76,14.74,34.12,49.57,141.35,157.03,61.28,14.3
宜花東,2018,24,94,54367,1.73,9.76,41.12,51.62,266.98,190.16,78.19,13.68
宜花東,2018,25,92,53064,1.73,17.1,39.78,56.69,116.22,180.69,54.28,14.59
宜花東,2018,26,95,52161,1.82,14.57,35.64,50.3,126.08,175.81,72.22,15.6
宜花東,2018,27,76,50575,1.5,17.6,47.45,65.29,132.48,191.05,65.79,15.33
宜花東,2018,28,84,60421,1.39,15.56,30.19,45.99,108.21,160.36,50.94,14.2
宜花東,2018,29,81,52248,1.55,20.66,28.84,48.55,94.8,151.76,49.4,14.84
宜花東,2018,30,87,54806,1.59,16.0,36.56,53.49,135.42,191.09,72.12,15.9
宜花東,2018,31,87,52243,1.67,13.51,38.48,52.0,174.75,202.04,84.82,16.04
宜花東,2018,32,80,54001,1.48,13.5,35.25,48.41,168.69,189.08,84.32,15.72
宜花東,2018,33,72,50746,1.42,15.36,40.17,55.24,148.7,165.34,51.19,13.11
宜花東,2018,34,67,55518,1.21,13.61,38.31,51.84,163.81,159.59,44.84,12.38
宜花東,2018,35,69,49235,1.4,19.82,36.65,56.34,101.75,160.92,42.07,10.63
宜花東,2018,36,70,47929,1.46,14.52,36.18,50.18,138.05,198.46,68.59,13.92
宜花東,2018,37,86,52488,1.64,17.38,33.4,50.77,121.0,177.05,54.15,11.53
宜花東,2018,38,74,53237,1.39,15.85,33.2,49.2,115.47,176.5,63.54,12.65
宜花東,2018,39,50,39533,1.26,12.49,36.83,48.71,225.87,241.16,68.4,11.66
宜花東,2018,40,99,52711,1.88,9.66,42.79,53.16,316.58,309.38,105.91,13.09
宜花東,2018,41,72,51588,1.4,11.88,47.3,58.76,219.27,164.38,65.61,12.97
宜花東,2018,42,104,50504,2.06,11.85,48.46,60.71,259.91,197.68,81.02,12.75
宜花東,2018,43,89,56992,1.56,14.13,49.29,62.85,242.9,284.21,102.76,14.12
宜花東,2018,44,81,53685,1.51,19.75,59.57,77.66,237.56,219.09,69.55,12.81
宜花東,2018,45,91,57041,1.6,18.58,48.04,66.47,144.51,208.32,75.54,14.19
宜花東,2018,46,86,51960,1.66,15.51,52.57,69.16,187.06,189.69,81.54,14.61
宜花東,2018,47,80,51583,1.55,14.67,52.21,67.0,196.15,166.67,69.88,14.02
宜花東,2018,48,87,53163,1.64,17.65,57.75,75.38,188.11,211.41,87.3,13.73
宜花東,2018,49,105,55143,1.9,16.79,55.23,71.31,177.02,177.47,64.6,13.06
宜花東,2018,50,83,57935,1.43,16.52,57.31,73.75,180.62,152.82,63.81,10.69
宜花東,2018,51,81,52426,1.55,17.31,63.19,80.43,198.02,246.82,102.0,12.92
宜花東,2018,52,75,48295,1.55,14.35,51.59,65.69,200.07,138.28,53.34,11.85
宜花東,2019,1,66,49082,1.34,20.23,61.94,81.85,163.54,142.04,62.97,10.28
宜花東,2019,2,108,58338,1.85,19.27,61.87,81.51,170.29,165.44,71.14,10.8
宜花東,2019,3,83,43471,1.91,13.6,58.76,72.96,220.67,191.76,90.93,9.78
宜花東,2019,4,98,51906,1.89,14.88,63.56,78.46,241.23,267.9,122.31,12.13
宜花東,2019,5,142,61474,2.31,16.73,59.79,76.5,207.09,198.98,90.26,13.07
宜花東,2019,6,45,36010,1.25,10.13,43.13,53.68,201.86,176.77,86.96,10.6
宜花東,2019,7,149,61586,2.42,13.83,49.1,62.97,188.46,146.9,64.5,9.94
宜花東,2019,8,120,56493,2.12,13.83,55.01,68.87,196.88,179.9,78.85,11.91
宜花東,2019,9,120,59159,2.03,14.0,51.91,65.57,216.63,223.95,101.21,11.66
宜花東,2019,10,112,57190,1.96,14.17,63.25,77.4,235.93,159.89,82.17,13.26
宜花東,2019,11,126,57592,2.19,11.44,56.52,68.44,277.58,265.9,125.75,12.69
宜花東,2019,12,121,60455,2.0,15.08,55.58,71.01,207.81,199.74,98.4,12.18
宜花東,2019,13,114,56544,2.02,10.7,50.23,61.45,252.13,213.4,100.86,10.33
宜花東,2019,14,91,59394,1.53,11.86,48.92,61.08,233.1,196.03,102.19,10.84
宜花東,2019,15,128,55165,2.32,10.95,43.92,54.97,248.97,194.87,89.89,10.5
宜花東,2019,16,129,58283,2.21,12.27,52.4,64.83,204.14,187.1,87.74,11.75
宜花東,2019,17,126,59919,2.1,13.11,40.01,52.57,198.31,191.59,88.46,13.56
宜花東,2019,18,81,45264,1.79,9.52,44.69,54.74,246.77,198.19,79.71,10.92
宜花東,2019,19,114,60061,1.9,13.38,46.36,59.21,210.15,147.91,66.18,10.52
宜花東,2019,20,117,58422,2.0,18.14,45.06,63.45,133.08,178.53,72.62,11.46
宜花東,2019,21,100,52962,1.89,11.44,43.68,54.99,234.33,234.38,93.04,11.64
宜花東,2019,22,94,54168,1.74,14.08,41.26,54.97,176.65,160.09,63.59,9.76
宜花東,2019,23,100,52275,1.91,19.2,38.57,57.45,102.24,162.21,57.01,10.1
宜花東,2019,24,97,50924,1.9,15.23,45.45,60.16,204.77,144.71,62.07,9.96
宜花東,2019,25,111,58716,1.89,15.13,40.35,55.21,148.82,171.57,72.41,11.81
宜花東,2019,26,98,50495,1.94,13.95,35.47,49.54,132.06,124.47,49.24,9.52
宜花東,2019,27,84,53048,1.58,14.45,37.68,52.62,137.66,166.32,58.68,12.15
宜花東,2019,28,96,57421,1.67,14.77,36.18,50.13,144.93,149.71,76.29,12.3
宜花東,2019,29,103,56166,1.83,13.68,34.97,49.82,124.67,151.85,54.84,11.41
宜花東,2019,30,103,53303,1.93,12.92,31.89,45.48,120.58,123.26,52.43,9.78
宜花東,2019,31,116,56042,2.07,15.82,27.02,42.42,107.04,101.52,48.71,10.35
宜花東,2019,32,105,60076,1.75,14.5,30.79,43.9,139.92,167.33,61.75,10.63
宜花東,2019,33,108,53939,2.0,10.84,39.17,50.53,173.65,172.53,71.33,9.84
宜花東,2019,34,95,59097,1.61,13.83,30.91,44.51,146.92,210.0,51.88,10.52
宜花東,2019,35,104,50931,2.04,17.84,29.36,46.64,97.95,116.17,48.92,10.6
宜花東,2019,36,93,55853,1.67,16.91,34.78,51.56,127.18,117.18,42.66,10.3
宜花東,2019,37,67,47322,1.42,12.06,31.74,44.1,158.41,151.58,70.2,10.28
宜花東,2019,38,110,56833,1.94,8.99,38.72,48.39,292.06,234.9,80.5,9.79
宜花東,2019,39,100,52230,1.91,13.71,39.86,52.62,182.94,147.69,67.14,11.14
宜花東,2019,40,93,53141,1.75,13.14,38.77,51.25,178.6,185.85,106.3,10.77
宜花東,2019,41,88,56558,1.56,8.38,38.3,46.78,282.09,213.85,115.67,10.26
宜花東,2019,42,117,55227,2.12,9.69,41.71,51.02,282.37,215.4,93.19,12.47
宜花東,2019,43,106,62182,1.7,9.56,43.95,53.53,261.44,189.67,100.07,10.95
宜花東,2019,44,108,58950,1.83,11.64,49.3,60.85,244.75,210.2,95.95,9.98
宜花東,2019,45,113,59035,1.91,12.62,48.06,59.47,272.12,198.29,84.74,11.71
宜花東,2019,46,93,58289,1.6,11.59,53.09,64.97,257.72,253.08,113.16,12.82
宜花東,2019,47,84,54738,1.53,14.47,48.98,63.15,199.67,167.98,64.31,10.55
宜花東,2019,48,82,57211,1.43,13.87,49.59,62.26,216.33,150.57,64.25,9.86
宜花東,2019,49,99,50876,1.95,14.88,52.0,66.57,219.76,135.49,60.98,9.61
宜花東,2019,50,103,55379,1.86,15.73,56.45,71.48,220.3,193.53,96.67,10.79
宜花東,2019,51,108,58716,1.84,18.78,57.28,76.28,159.05,119.44,59.05,10.95
宜花東,2019,52,85,57211,1.49,19.15,59.85,78.82,173.52,129.08,62.53,10.47
雲嘉南,2016,1,14,39111,0.36,35.47,119.05,153.79,144.34,485.63,265.98,20.85
雲嘉南,2016,2,267,159630,1.67,17.81,109.71,126.89,184.92,386.85,210.34,20.95
雲嘉南,2016,3,244,150567,1.62,27.21,134.38,161.61,153.27,417.0,248.1,22.09
雲嘉南,2016,4,292,168739,1.73,22.1,105.26,127.47,181.36,349.34,178.04,20.92
雲嘉南,2016,5,294,162046,1.81,21.08,107.41,128.08,164.13,289.2,140.78,14.43
雲嘉南,2016,6,446,177818,2.51,13.68,95.77,108.99,283.87,554.93,320.04,21.34
雲嘉南,2016,7,305,167471,1.82,26.04,114.12,139.95,141.21,354.57,181.14,21.06
雲嘉南,2016,8,525,181117,2.9,17.71,119.12,136.5,209.53,587.74,292.64,23.09
雲嘉南,2016,9,497,177129,2.81,18.66,116.16,134.04,245.86,580.22,282.78,23.43
雲嘉南,2016,10,489,178569,2.74,21.53,113.97,135.32,179.92,443.23,263.62,25.42
雲嘉南,2016,11,402,178549,2.25,29.1,138.01,166.75,154.09,372.67,225.25,21.32
雲嘉南,2016,12,396,168212,2.35,20.94,112.4,133.14,169.27,471.12,267.76,17.67
雲嘉南,2016,13,339,172399,1.97,13.71,112.52,126.28,317.87,538.36,322.06,22.6
雲嘉南,2016,14,374,167165,2.24,14.21,81.68,95.78,213.0,496.74,299.85,21.98
雲嘉南,2016,15,350,163659,2.14,13.95,80.06,93.83,203.24,348.95,194.64,20.42
雲嘉南,2016,16,304,165504,1.84,15.8,77.58,93.74,205.87,344.41,172.95,20.85
雲嘉南,2016,17,291,147462,1.97,14.2,69.16,83.57,180.41,307.34,151.95,20.92
雲嘉南,2016,18,284,172603,1.65,14.32,77.73,93.61,233.55,443.95,251.17,22.64
雲嘉南,2016,19,303,161944,1.87,14.2,68.44,82.91,176.44,278.78,125.39,21.11
雲嘉南,2016,20,277,157627,1.76,12.3,76.07,88.05,280.66,378.69,179.71,22.15
雲嘉南,2016,21,258,158451,1.63,13.76,72.11,85.59,206.45,340.55,170.41,20.98
雲嘉南,2016,22,281,167701,1.68,13.66,43.9,56.53,130.42,220.74,71.8,16.67
雲嘉南,2016,23,227,149992,1.51,13.14,47.69,59.91,165.8,208.38,75.52,14.73
雲嘉南,2016,24,215,142877,1.5,18.48,51.97,69.86,134.45,180.2,57.31,14.14
雲嘉南,2016,25,225,151415,1.49,16.84,52.99,69.89,137.97,226.77,81.19,20.16
雲嘉南,2016,26,218,152773,1.43,17.5,49.99,67.26,133.15,227.52,83.88,19.61
雲嘉南,2016,27,189,150072,1.26,15.39,52.62,68.52,164.42,240.98,93.48,20.05
雲嘉南,2016,28,209,144872,1.44,13.01,38.96,51.48,156.74,158.55,52.71,14.17
雲嘉南,2016,29,218,148961,1.46,15.21,42.72,58.0,125.17,217.2,84.7,15.74
雲嘉南,2016,30,203,150859,1.35,13.3,43.96,56.58,164.61,219.48,105.23,18.51
雲嘉南,2016,31,217,149286,1.45,13.66,54.72,67.08,213.48,248.52,117.2,18.77
雲嘉南,2016,32,194,149174,1.3,12.96,52.0,63.08,222.61,236.9,114.34,21.12
雲嘉南,2016,33,218,151730,1.44,14.49,56.84,70.76,167.82,195.07,79.2,16.84
雲嘉南,2016,34,210,152247,1.38,12.66,48.95,61.38,229.41,299.32,154.87,20.63
雲嘉南,2016,35,218,159505,1.37,9.37,62.69,71.12,346.09,389.43,225.74,21.24
雲嘉南,2016,36,208,151327,1.37,16.43,55.86,72.05,156.61,154.34,62.5,14.89
雲嘉南,2016,37,211,154130,1.37,16.89,51.77,69.57,158.86,213.41,84.75,20.01
雲嘉南,2016,38,174,136272,1.28,14.52,70.34,84.11,257.32,339.33,155.88,21.66
雲嘉南,2016,39,198,140252,1.41,12.95,60.92,73.7,237.54,355.21,154.78,20.74
雲嘉南,2016,40,166,135243,1.23,14.78,77.12,91.89,231.81,354.6,190.3,21.53
雲嘉南,2016,41,199,149986,1.33,16.09,76.85,92.56,163.9,267.21,110.84,17.68
雲嘉南,2016,42,244,157714,1.55,14.69,83.4,98.93,254.43,499.81,260.94,22.64
雲嘉南,2016,43,259,160587,1.61,15.59,70.38,86.49,186.91,342.34,163.84,23.32
雲嘉南,2016,44,206,150011,1.37,14.78,90.5,104.85,248.22,493.76,215.07,24.27
雲嘉南,2016,45,234,158015,1.48,15.34,98.2,114.16,239.18,438.88,210.53,21.43
雲嘉南,2016,46,233,149454,1.56,17.36,113.99,131.09,256.84,628.1,345.81,27.74
雲嘉南,2016,47,265,153341,1.73,24.73,113.48,138.26,173.88,456.04,242.19,23.63
雲嘉南,2016,48,237,160422,1.48,20.08,108.24,129.1,170.31,371.06,159.29,20.95
雲嘉南,2016,49,205,143403,1.43,18.68,116.43,134.99,193.66,525.64,248.78,24.33
雲嘉南,2016,50,228,154553,1.48,25.68,118.92,144.08,199.01,525.63,230.82,21.67
雲嘉南,2016,51,244,149862,1.63,22.04,125.83,149.2,197.04,550.46,298.11,23.61
雲嘉南,2016,52,254,157424,1.61,24.44,120.57,144.78,181.1,531.88,235.22,22.16
雲嘉南,2017,1,263,163274,1.61,25.28,105.08,130.29,201.26,603.88,322.14,21.35
雲嘉南,2017,2,299,163628,1.83,22.54,117.9,140.92,185.68,504.79,255.82,23.77
雲嘉南,2017,3,299,162821,1.84,20.89,105.2,126.61,181.5,440.51,191.43,22.33
雲嘉南,2017,4,240,149547,1.6,18.36,104.28,122.47,222.44,505.85,217.7,22.83
雲嘉南,2017,5,272,165247,1.65,15.07,79.77,94.96,208.21,487.92,198.51,20.31
雲嘉南,2017,6,338,170222,1.99,17.07,100.95,117.09,216.79,599.74,283.13,22.85
雲嘉南,2017,7,303,163417,1.85,22.01,107.29,128.83,245.2,557.03,274.38,20.94
雲嘉南,2017,8,298,167216,1.78,20.45,104.95,125.21,194.62,513.28,252.38,21.0
雲嘉南,2017,9,260,167356,1.55,14.08,105.05,118.98,266.23,546.32,266.32,24.52
雲嘉南,2017,10,281,160327,1.75,16.28,115.16,131.69,234.3,481.81,271.44,21.21
雲嘉南,2017,11,318,168121,1.89,15.25,104.72,120.33,250.24,490.02,258.13,21.52
雲嘉南,2017,12,285,161939,1.76,13.83,94.16,108.45,266.89,497.14,241.03,21.76
雲嘉南,2017,13,306,171944,1.78,14.0,103.75,115.18,300.22,549.06,272.92,21.28
雲嘉南,2017,14,260,166574,1.56,12.09,85.22,96.93,320.03,458.5,237.04,22.41
雲嘉南,2017,15,320,168669,1.9,15.9,92.3,108.78,183.19,354.0,182.29,21.44
雲嘉南,2017,16,266,155066,1.72,13.51,63.11,75.1,208.75,313.56,156.67,19.14
雲嘉南,2017,17,250,155846,1.6,13.77,93.98,106.12,306.95,447.82,234.9,22.8
雲嘉南,2017,18,273,154907,1.76,12.75,80.42,92.41,266.12,409.03,213.64,22.27
雲嘉南,2017,19,265,151454,1.75,13.39,66.03,78.33,219.4,393.25,171.45,22.21
雲嘉南,2017,20,256,158084,1.62,11.05,77.26,87.39,263.55,313.96,152.32,21.21
雲嘉南,2017,21,273,158024,1.73,12.93,70.79,82.18,240.71,315.31,139.34,21.47
雲嘉南,2017,22,238,155694,1.53,12.46,51.61,62.21,199.64,265.22,104.91,16.14
雲嘉南,2017,23,244,159242,1.53,14.72,55.17,70.18,163.55,251.14,101.33,20.28
雲嘉南,2017,24,270,150996,1.79,15.02,45.9,61.03,114.19,180.76,53.8,14.05
雲嘉南,2017,25,263,165928,1.59,16.46,48.53,65.34,103.44,176.91,65.52,16.66
雲嘉南,2017,26,267,167574,1.59,13.66,46.23,58.71,136.29,203.37,75.21,14.63
雲嘉南,2017,27,294,172598,1.7,15.93,50.44,66.41,139.02,188.22,66.44,18.08
雲嘉南,2017,28,273,160700,1.7,13.69,56.53,68.66,165.31,225.07,86.32,20.21
雲嘉南,2017,29,276,166119,1.66,12.43,61.07,72.38,226.58,305.16,144.36,20.74
雲嘉南,2017,30,279,166216,1.68,10.44,52.7,62.86,205.6,263.72,127.53,20.97
雲嘉南,2017,31,239,166126,1.44,12.61,44.05,55.71,157.47,204.36,73.71,14.0
雲嘉南,2017,32,273,165335,1.65,13.24,35.72,48.17,113.57,215.21,78.21,13.95
雲嘉南,2017,33,249,152173,1.64,13.97,43.83,57.31,128.87,187.32,79.6,15.57
雲嘉南,2017,34,236,156783,1.51,12.12,58.81,70.12,188.92,283.55,125.77,20.51
雲嘉南,2017,35,225,154252,1.46,12.81,60.68,71.91,202.5,296.48,144.26,20.43
雲嘉南,2017,36,229,160526,1.43,12.46,49.49,61.1,173.62,216.11,102.25,18.75
雲嘉南,2017,37,241,163117,1.48,13.94,64.31,77.64,223.36,326.46,138.99,20.79
雲嘉南,2017,38,235,155623,1.51,9.9,75.04,84.58,339.21,447.63,250.67,27.33
雲嘉南,2017,39,219,147734,1.48,12.9,62.04,74.11,204.12,291.48,141.82,20.8
雲嘉南,2017,40,237,150173,1.58,8.45,65.97,74.71,265.74,402.07,190.77,21.61
雲嘉南,2017,41,202,136905,1.48,13.72,75.5,89.09,217.67,414.45,160.56,20.97
雲嘉南,2017,42,214,156247,1.37,13.47,69.05,82.53,207.25,337.1,103.88,15.3
雲嘉南,2017,43,225,151841,1.48,11.39,96.09,107.32,328.69,540.6,212.81,21.57
雲嘉南,2017,44,260,155262,1.67,13.56,95.42,108.64,263.16,597.03,177.83,20.16
雲嘉南,2017,45,272,162003,1.68,12.73,97.1,110.04,215.73,552.59,223.51,20.91
雲嘉南,2017,46,227,145515,1.56,18.52,102.34,120.64,186.03,488.69,216.31,21.37
雲嘉南,2017,47,193,139966,1.38,13.48,99.85,113.13,189.78,468.59,147.18,20.91
雲嘉南,2017,48,240,157190,1.53,13.59,92.56,105.96,207.07,533.31,196.67,19.96
雲嘉南,2017,49,242,159179,1.52,16.12,110.52,126.49,189.66,497.11,202.36,20.04
雲嘉南,2017,50,240,150779,1.59,23.84,115.71,139.62,177.84,485.51,199.53,21.38
雲嘉南,2017,51,274,156064,1.76,15.16,103.73,118.95,211.33,512.96,193.8,20.51
雲嘉南,2017,52,264,154649,1.71,15.85,108.36,124.27,226.37,658.6,304.58,21.46
雲嘉南,2018,1,267,167613,1.59,22.5,110.81,133.14,157.94,456.94,212.28,19.62
雲嘉南,2018,2,270,179613,1.5,19.62,102.05,121.03,188.77,325.62,141.86,17.47
雲嘉南,2018,3,337,198301,1.7,19.76,115.99,135.84,185.76,565.62,296.34,20.95
雲嘉南,2018,4,345,187988,1.84,15.79,102.25,118.1,195.72,438.94,167.79,20.39
雲嘉南,2018,5,356,196410,1.81,16.92,97.91,115.36,177.87,311.67,163.74,14.38
雲嘉南,2018,6,373,200518,1.86,22.94,118.5,141.04,171.26,437.76,226.31,16.41
雲嘉南,2018,7,313,177801,1.76,13.05,98.76,111.65,241.62,618.83,263.98,20.37
雲嘉南,2018,8,390,188167,2.07,14.23,102.89,117.61,204.27,503.22,252.63,20.62
雲嘉南,2018,9,385,203560,1.89,21.2,104.04,125.65,201.03,587.8,291.43,21.58
雲嘉南,2018,10,363,201770,1.8,14.05,94.7,108.59,217.11,413.95,166.73,20.13
雲嘉南,2018,11,349,201130,1.74,14.52,102.6,117.14,265.51,507.94,273.79,21.99
雲嘉南,2018,12,351,201307,1.74,13.43,94.58,107.72,286.13,450.52,196.63,20.4
雲嘉南,2018,13,335,190935,1.75,10.3,81.86,92.76,290.3,556.3,265.3,18.57
雲嘉南,2018,14,273,182089,1.5,9.9,71.39,82.07,258.79,594.62,218.83,17.96
雲嘉南,2018,15,361,209080,1.73,13.42,73.36,86.57,211.13,357.12,127.59,20.45
雲嘉南,2018,16,298,190796,1.56,11.39,84.26,95.26,305.55,507.73,230.74,22.04
雲嘉南,2018,17,284,177985,1.6,12.18,77.08,88.1,284.72,462.23,217.73,24.15
雲嘉南,2018,18,296,193231,1.53,11.92,62.05,73.96,243.04,397.32,165.71,21.15
雲嘉南,2018,19,296,191883,1.54,13.25,71.36,84.08,221.13,357.92,134.05,21.29
雲嘉南,2018,20,316,178089,1.77,16.05,52.32,68.5,122.88,232.9,89.15,18.8
雲嘉南,2018,21,256,170081,1.51,13.01,55.04,67.26,185.03,298.31,133.46,20.53
雲嘉南,2018,22,216,172426,1.25,12.12,53.62,64.8,227.67,361.51,125.91,21.2
雲嘉南,2018,23,224,172341,1.3,11.29,55.65,66.55,225.65,319.45,120.93,21.29
雲嘉南,2018,24,223,174720,1.28,9.78,63.37,73.48,282.63,320.84,124.0,19.12
雲嘉南,2018,25,184,174401,1.06,16.63,48.74,65.78,121.6,197.85,57.48,14.23
雲嘉南,2018,26,211,159890,1.32,15.3,49.2,64.91,130.95,233.23,75.67,15.96
雲嘉南,2018,27,249,171764,1.45,15.74,48.72,64.54,130.07,188.63,55.77,14.47
雲嘉南,2018,28,257,172476,1.49,14.0,52.27,66.26,179.62,286.07,122.44,20.97
雲嘉南,2018,29,243,182610,1.33,11.36,46.33,57.19,214.19,278.7,124.15,18.51
雲嘉南,2018,30,218,163919,1.33,13.94,48.86,62.72,153.1,241.59,91.03,15.51
雲嘉南,2018,31,249,167966,1.48,14.14,41.54,55.28,152.81,205.52,74.22,14.75
雲嘉南,2018,32,244,169353,1.44,11.51,45.19,55.95,224.0,259.44,128.16,18.0
雲嘉南,2018,33,243,181981,1.34,13.3,49.43,62.62,167.77,178.04,61.35,15.99
雲嘉南,2018,34,176,164151,1.07,13.28,48.82,61.49,201.67,164.9,60.75,14.05
雲嘉南,2018,35,244,179692,1.36,20.54,48.04,68.15,122.33,164.65,63.4,14.09
雲嘉南,2018,36,272,182596,1.49,13.71,50.05,63.21,181.25,236.84,95.42,14.66
雲嘉南,2018,37,273,173557,1.57,14.53,68.09,82.27,214.92,353.81,154.41,21.53
雲嘉南,2018,38,245,176799,1.39,12.59,55.4,67.59,204.99,310.93,154.05,19.1
雲嘉南,2018,39,213,176536,1.21,7.18,62.5,70.0,298.74,434.47,133.84,18.65
雲嘉南,2018,40,259,176315,1.47,8.13,81.92,91.75,376.4,513.41,203.41,22.3
雲嘉南,2018,41,241,187986,1.28,13.22,84.38,96.4,263.23,392.79,176.77,21.75
雲嘉南,2018,42,221,171658,1.29,13.04,88.51,100.66,269.52,409.47,183.24,21.66
雲嘉南,2018,43,217,185702,1.17,13.21,85.88,98.5,295.42,567.61,233.9,25.81
雲嘉南,2018,44,245,171791,1.43,16.49,104.34,120.47,234.47,460.84,181.05,21.46
雲嘉南,2018,45,241,177132,1.36,17.47,91.03,108.27,229.36,583.87,307.42,21.35
雲嘉南,2018,46,216,171063,1.26,17.06,107.86,125.66,214.77,501.23,237.83,25.4
雲嘉南,2018,47,257,187980,1.37,14.92,96.17,111.34,214.68,428.18,167.85,21.34
雲嘉南,2018,48,219,172275,1.27,18.71,106.51,124.78,205.55,429.31,212.74,21.17
雲嘉南,2018,49,253,169212,1.5,21.29,101.58,122.5,180.01,450.4,170.25,21.32
雲嘉南,2018,50,252,174533,1.44,17.65,103.09,121.4,160.97,366.08,154.15,20.92
雲嘉南,2018,51,282,179564,1.57,19.17,118.97,137.26,218.13,573.36,258.66,21.0
雲嘉南,2018,52,273,174462,1.56,13.94,88.49,101.73,189.12,381.5,115.3,16.84
雲嘉南,2019,1,166,137296,1.21,20.94,106.76,128.25,157.64,383.72,167.85,19.44
雲嘉南,2019,2,321,180736,1.78,21.66,105.86,127.88,175.53,501.26,224.14,19.62
雲嘉南,2019,3,303,167378,1.81,13.37,99.99,112.55,211.83,522.92,266.47,16.43
雲嘉南,2019,4,323,177557,1.82,16.17,111.04,126.95,248.74,577.64,265.51,21.35
雲嘉南,2019,5,404,193949,2.08,18.17,109.0,126.44,223.66,536.95,266.55,20.76
雲嘉南,2019,6,176,161258,1.09,10.36,72.38,83.16,212.4,395.93,190.25,14.64
雲嘉南,2019,7,404,194700,2.07,13.88,91.89,105.76,208.38,393.07,180.41,19.88
雲嘉南,2019,8,355,191346,1.86,16.86,94.32,111.31,195.79,406.55,205.05,17.16
雲嘉南,2019,9,313,194536,1.61,12.07,82.26,94.29,252.86,460.84,239.16,16.34
雲嘉南,2019,10,337,191807,1.76,16.95,108.29,124.99,201.82,299.4,163.05,15.51
雲嘉南,2019,11,303,180308,1.68,14.53,99.44,113.83,295.07,485.32,254.46,20.71
雲嘉南,2019,12,346,193438,1.79,21.52,93.54,114.6,175.98,375.74,189.58,19.47
雲嘉南,2019,13,326,189809,1.72,12.3,75.38,87.24,259.38,353.24,165.36,20.27
雲嘉南,2019,14,260,169492,1.53,11.25,72.17,83.68,278.93,412.83,229.7,16.03
雲嘉南,2019,15,362,193739,1.87,13.21,70.21,83.14,228.2,338.97,160.33,19.84
雲嘉南,2019,16,307,180874,1.7,11.42,77.11,88.6,245.93,274.6,141.07,14.55
雲嘉南,2019,17,323,184415,1.75,13.51,57.51,70.0,197.13,279.82,134.94,14.6
雲嘉南,2019,18,264,180653,1.46,11.71,72.48,84.31,232.96,276.19,126.17,14.37
雲嘉南,2019,19,330,190427,1.73,12.82,76.83,89.14,242.26,330.68,172.57,17.76
雲嘉南,2019,20,306,180789,1.69,14.7,47.07,62.33,126.98,196.49,78.76,14.0
雲嘉南,2019,21,288,169870,1.7,10.68,71.41,82.4,289.87,378.29,185.9,21.15
雲嘉南,2019,22,278,168885,1.65,14.17,56.69,70.12,181.25,217.0,86.52,14.84
雲嘉南,2019,23,303,186845,1.62,18.13,47.23,65.05,112.38,155.28,61.7,14.0
雲嘉南,2019,24,325,190226,1.71,13.47,59.84,72.35,220.85,162.94,92.71,14.14
雲嘉南,2019,25,312,183123,1.7,16.11,45.33,61.46,114.97,137.98,51.93,13.33
雲嘉南,2019,26,297,184005,1.61,14.46,49.69,64.8,148.39,144.94,57.19,13.4
雲嘉南,2019,27,286,178061,1.61,15.86,41.1,56.78,131.14,128.46,51.77,13.97
雲嘉南,2019,28,244,163843,1.49,13.42,36.45,50.53,129.32,110.53,69.4,13.77
雲嘉南,2019,29,281,191390,1.47,13.27,47.18,59.88,173.15,157.9,91.5,13.94
雲嘉南,2019,30,275,183714,1.5,13.91,43.45,57.31,136.04,126.05,55.89,13.77
雲嘉南,2019,31,304,179043,1.7,12.33,50.34,62.85,197.1,190.25,100.45,14.24
雲嘉南,2019,32,312,180116,1.73,12.14,36.6,47.69,195.8,222.38,88.0,13.86
雲嘉南,2019,33,272,179470,1.52,11.71,42.08,53.88,186.66,103.36,49.57,12.76
雲嘉南,2019,34,253,174688,1.45,13.19,45.44,57.1,189.35,166.9,95.14,14.26
雲嘉南,2019,35,277,186878,1.48,13.88,50.68,63.95,189.52,198.02,114.63,15.99
雲嘉南,2019,36,259,162705,1.59,13.54,49.37,62.07,193.52,164.33,89.7,14.15
雲嘉南,2019,37,281,177455,1.58,8.42,53.95,63.46,261.12,264.84,157.39,15.6
雲嘉南,2019,38,326,184551,1.77,8.45,59.96,69.42,362.78,396.62,130.16,15.1
雲嘉南,2019,39,267,177659,1.5,13.65,74.28,86.67,262.79,392.9,166.2,20.48
雲嘉南,2019,40,339,187875,1.8,10.82,54.59,65.52,283.44,348.62,217.93,14.55
雲嘉南,2019,41,247,171532,1.44,9.78,64.96,74.88,315.12,417.29,193.84,19.73
雲嘉南,2019,42,295,188812,1.56,11.54,75.81,86.75,305.23,432.76,145.96,19.64
雲嘉南,2019,43,287,175464,1.64,14.09,86.35,99.86,282.34,396.78,177.51,20.53
雲嘉南,2019,44,278,179616,1.55,12.52,77.79,89.9,291.43,503.33,189.46,18.49
雲嘉南,2019,45,317,184522,1.72,13.22,86.77,99.56,292.46,422.72,161.09,18.94
雲嘉南,2019,46,283,177992,1.59,16.28,102.26,117.96,294.9,509.18,241.99,20.92
雲嘉南,2019,47,247,169293,1.46,18.43,88.91,106.9,201.33,361.36,138.44,15.25
雲嘉南,2019,48,263,167690,1.57,14.14,85.6,99.57,223.63,392.86,137.23,15.97
雲嘉南,2019,49,275,178010,1.54,15.18,88.37,104.36,210.44,243.18,107.63,14.0
雲嘉南,2019,50,303,170784,1.77,24.01,109.26,133.26,210.87,406.53,205.22,15.76
雲嘉南,2019,51,261,164122,1.59,26.03,101.79,127.51,147.35,312.23,159.01,15.42
雲嘉南,2019,52,273,166233,1.64,16.74,100.67,117.29,169.18,299.2,134.15,14.99
高屏,2016,1,5,21176,0.24,36.16,114.13,150.45,154.96,426.88,239.06,23.45
高屏,2016,2,190,186380,1.02,26.68,113.72,140.26,179.59,378.82,211.38,21.62
高屏,2016,3,193,187814,1.03,34.96,127.54,162.28,174.08,429.05,247.15,24.53
高屏,2016,4,197,185191,1.06,28.28,118.18,146.32,177.33,337.32,188.22,19.88
高屏,2016,5,229,188038,1.22,31.95,115.17,147.22,154.42,332.59,180.15,16.49
高屏,2016,6,208,191189,1.09,17.11,90.48,107.43,276.11,433.4,250.82,19.19
高屏,2016,7,189,187253,1.01,29.68,104.98,134.58,151.03,344.66,190.38,19.98
高屏,2016,8,357,214738,1.66,21.24,122.05,142.51,225.4,543.17,300.76,23.01
高屏,2016,9,341,210659,1.62,18.61,112.5,130.55,269.39,526.72,275.51,23.55
高屏,2016,10,348,209629,1.66,23.53,110.32,133.42,212.85,395.03,225.7,26.58
高屏,2016,11,275,207206,1.33,38.61,127.46,165.67,166.05,375.13,212.79,23.73
高屏,2016,12,273,198343,1.38,23.79,105.62,129.13,180.66,407.02,239.32,20.44
高屏,2016,13,218,195921,1.11,18.47,109.69,128.05,298.81,421.95,236.26,23.61
高屏,2016,14,275,199775,1.38,15.66,80.77,96.86,207.41,392.32,218.89,25.57
高屏,2016,15,181,186301,0.97,18.65,82.36,100.63,203.84,255.55,128.11,24.89
高屏,2016,16,216,197233,1.1,21.5,72.05,93.31,194.86,288.12,142.25,22.62
高屏,2016,17,219,196608,1.11,16.41,64.93,81.39,172.05,244.38,112.32,22.64
高屏,2016,18,222,195889,1.13,15.79,65.99,82.58,255.95,382.73,203.14,24.25
高屏,2016,19,177,181504,0.98,17.57,57.56,75.5,156.01,214.21,76.36,22.85
高屏,2016,20,178,184299,0.97,14.14,70.28,84.14,288.06,303.69,138.09,22.72
高屏,2016,21,172,191754,0.9,13.94,62.82,76.4,208.68,239.91,106.32,21.24
高屏,2016,22,182,197110,0.92,17.39,45.49,62.72,131.44,193.83,61.82,20.52
高屏,2016,23,149,189758,0.79,16.33,48.22,63.9,151.33,190.95,62.86,17.21
高屏,2016,24,159,190623,0.83,24.39,52.85,76.42,130.01,180.03,50.6,18.09
高屏,2016,25,182,190754,0.95,21.4,45.65,66.43,124.32,189.98,59.11,21.0
高屏,2016,26,178,187555,0.95,20.54,38.21,58.35,111.28,202.5,49.38,20.82
高屏,2016,27,200,196813,1.02,15.95,48.24,64.85,165.25,229.09,74.57,23.35
高屏,2016,28,143,165748,0.86,15.34,41.18,56.7,162.48,199.21,49.3,17.95
高屏,2016,29,179,191708,0.93,17.87,44.35,62.02,123.05,219.21,74.69,19.34
高屏,2016,30,172,177480,0.97,16.49,50.58,67.25,167.76,205.59,86.49,22.48
高屏,2016,31,124,166869,0.74,15.06,49.5,64.66,183.74,216.96,87.57,19.36
高屏,2016,32,180,193046,0.93,14.16,54.03,68.26,224.08,208.82,84.24,19.74
高屏,2016,33,129,165190,0.78,17.05,51.59,68.94,150.61,160.9,41.82,19.36
高屏,2016,34,164,184767,0.89,16.65,56.6,73.43,209.24,263.29,116.67,19.92
高屏,2016,35,136,161845,0.84,14.62,63.32,77.0,324.17,319.65,163.03,20.66
高屏,2016,36,145,172903,0.84,22.36,61.86,84.0,152.66,139.66,45.83,16.65
高屏,2016,37,142,174078,0.82,19.72,47.4,66.95,154.48,188.48,67.41,17.61
高屏,2016,38,153,181245,0.84,15.72,64.89,80.53,265.38,295.72,127.7,20.7
高屏,2016,39,156,181794,0.86,14.02,60.83,73.25,305.73,351.62,165.69,21.62
高屏,2016,40,148,179957,0.82,18.27,76.32,94.85,225.87,291.17,132.72,24.11
高屏,2016,41,161,191184,0.84,22.85,71.79,94.31,159.4,254.71,92.56,18.29
高屏,2016,42,112,162906,0.69,20.0,83.68,103.6,256.11,451.03,215.48,24.63
高屏,2016,43,144,180163,0.8,16.65,67.61,84.64,191.13,305.21,120.16,23.95
高屏,2016,44,183,188251,0.97,16.75,96.32,112.5,290.15,488.9,226.39,26.56
高屏,2016,45,181,179548,1.01,15.75,94.69,109.95,275.35,416.41,198.83,22.48
高屏,2016,46,182,173008,1.05,15.42,105.48,121.33,322.28,548.15,301.18,28.62
高屏,2016,47,187,172575,1.08,26.21,116.41,142.63,208.32,463.85,252.66,25.29
高屏,2016,48,179,189153,0.95,23.45,107.79,131.52,192.57,362.74,169.14,20.04
高屏,2016,49,174,178356,0.98,23.35,126.48,149.91,223.76,581.74,288.77,25.01
高屏,2016,50,184,178735,1.03,20.8,119.26,140.32,242.75,494.85,234.33,25.27
高屏,2016,51,172,181942,0.95,22.38,129.29,151.97,231.68,507.89,276.21,26.28
高屏,2016,52,174,191923,0.91,28.2,120.58,149.19,195.12,489.36,240.29,21.82
高屏,2017,1,183,180006,1.02,22.06,110.03,132.32,229.9,536.87,290.09,21.48
高屏,2017,2,188,194024,0.97,23.55,125.28,148.4,232.26,548.99,282.43,25.09
高屏,2017,3,215,193555,1.11,21.44,120.91,142.59,208.66,474.92,230.2,22.32
高屏,2017,4,155,169740,0.91,19.78,120.22,139.68,249.11,536.21,245.34,24.47
高屏,2017,5,172,193842,0.89,15.1,102.55,117.56,228.85,495.3,228.83,23.87
高屏,2017,6,199,189984,1.05,20.52,115.79,135.75,223.54,592.17,291.55,23.67
高屏,2017,7,229,197555,1.16,19.8,112.86,132.84,275.31,478.75,239.2,23.79
高屏,2017,8,182,168138,1.08,22.2,109.57,131.6,210.7,482.3,228.23,23.51
高屏,2017,9,171,171433,1.0,14.3,107.09,120.75,297.69,546.7,269.77,25.65
高屏,2017,10,192,196376,0.98,22.3,116.21,138.01,230.62,466.75,254.95,21.84
高屏,2017,11,165,170052,0.97,17.49,98.22,115.53,276.65,458.79,238.16,24.61
高屏,2017,12,171,186626,0.92,14.14,85.7,99.48,292.03,447.38,207.77,23.95
高屏,2017,13,174,180524,0.96,12.9,91.72,104.2,307.62,441.4,207.47,21.44
高屏,2017,14,180,179335,1.0,11.29,76.08,87.05,327.6,398.68,186.75,20.38
高屏,2017,15,186,165562,1.12,20.5,84.24,104.72,184.05,301.74,145.98,21.34
高屏,2017,16,189,185773,1.02,14.9,62.36,77.26,180.62,266.32,116.93,19.96
高屏,2017,17,176,179205,0.98,12.78,86.97,98.6,313.78,369.5,183.56,23.73
高屏,2017,18,203,200835,1.01,11.81,71.16,82.15,286.44,366.23,179.75,24.73
高屏,2017,19,197,189765,1.04,14.7,59.51,73.69,213.07,306.15,131.03,24.19
高屏,2017,20,201,191310,1.05,12.98,72.49,85.1,264.36,282.07,131.86,20.8
高屏,2017,21,185,187809,0.99,12.07,60.95,72.85,238.82,244.38,104.76,19.56
高屏,2017,22,173,182744,0.95,13.96,49.86,63.22,204.77,253.62,101.35,20.94
高屏,2017,23,220,190466,1.16,16.67,48.58,65.39,132.98,203.06,70.5,19.23
高屏,2017,24,215,195061,1.1,18.35,41.98,60.11,108.13,183.48,57.08,16.07
高屏,2017,25,200,182836,1.09,18.93,44.91,63.44,110.11,171.45,66.67,18.85
高屏,2017,26,250,189623,1.32,16.15,47.15,63.52,130.85,202.8,74.79,19.19
高屏,2017,27,209,197013,1.06,17.91,43.89,61.58,121.57,180.58,65.65,19.38
高屏,2017,28,171,179360,0.95,14.82,49.2,64.36,147.22,194.8,75.7,19.54
高屏,2017,29,205,194566,1.05,13.26,60.47,73.41,216.74,258.84,132.44,21.58
高屏,2017,30,194,189078,1.03,13.78,51.79,65.01,171.35,224.9,103.56,19.21
高屏,2017,31,165,174565,0.95,14.22,49.36,63.34,159.4,218.85,82.96,17.55
高屏,2017,32,178,183165,0.97,14.1,38.33,51.79,115.95,213.25,82.05,16.07
高屏,2017,33,195,193831,1.01,12.7,48.3,60.25,152.09,201.26,93.71,19.52
高屏,2017,34,136,180721,0.75,12.62,58.35,70.62,171.51,238.74,108.79,22.4
高屏,2017,35,177,172717,1.02,13.6,58.47,71.46,165.15,234.09,105.94,20.42
高屏,2017,36,172,181464,0.95,12.05,44.89,56.54,162.6,212.93,89.21,20.36
高屏,2017,37,167,186215,0.9,10.83,57.6,67.97,241.05,290.63,133.56,21.14
高屏,2017,38,190,180820,1.05,7.88,67.43,76.04,313.78,374.85,210.12,26.94
高屏,2017,39,147,179007,0.82,12.23,57.46,68.92,203.7,271.15,133.94,24.43
高屏,2017,40,160,178739,0.9,8.28,67.29,75.64,275.65,377.46,187.52,24.93
高屏,2017,41,152,171563,0.89,14.38,70.86,84.64,199.23,332.81,141.72,22.58
高屏,2017,42,138,176730,0.78,14.1,69.86,82.92,225.7,349.46,132.08,18.91
高屏,2017,43,173,181060,0.96,10.81,90.28,101.01,345.79,518.08,212.51,23.51
高屏,2017,44,183,171274,1.07,11.31,98.58,109.59,291.77,525.84,193.31,23.35
高屏,2017,45,168,191145,0.88,14.48,103.5,117.32,230.26,551.9,261.63,22.81
高屏,2017,46,173,174153,0.99,17.99,99.42,117.32,211.54,470.34,234.05,22.44
高屏,2017,47,164,170355,0.96,16.79,112.86,129.31,214.27,519.85,207.11,22.22
高屏,2017,48,148,174409,0.85,15.62,106.89,122.37,218.12,537.01,235.73,21.42
高屏,2017,49,188,179814,1.05,17.13,119.1,136.11,196.24,515.11,235.05,20.74
高屏,2017,50,177,176114,1.01,20.84,118.28,139.06,194.4,495.01,225.7,21.98
高屏,2017,51,209,182568,1.14,15.77,111.12,127.18,215.98,458.77,199.65,21.56
高屏,2017,52,227,187278,1.21,13.56,103.84,117.03,246.58,585.53,296.15,21.36
高屏,2018,1,175,203105,0.86,25.97,113.56,139.9,190.36,480.87,248.43,19.7
高屏,2018,2,211,218036,0.97,20.8,107.45,128.21,188.22,345.99,153.4,18.23
高屏,2018,3,213,222157,0.96,21.96,125.06,147.04,212.77,559.24,305.29,22.62
高屏,2018,4,209,223121,0.94,17.45,110.3,128.13,222.74,517.44,226.05,19.94
高屏,2018,5,191,199261,0.96,21.6,109.11,130.59,167.42,372.6,199.19,16.27
高屏,2018,6,245,212667,1.15,24.09,114.49,138.4,167.36,401.45,224.3,14.2
高屏,2018,7,221,221639,1.0,14.94,89.6,104.88,228.37,489.66,203.5,18.41
高屏,2018,8,274,223145,1.23,16.61,98.08,114.45,217.66,462.32,235.09,19.78
高屏,2018,9,243,219290,1.11,18.61,92.04,110.36,212.59,446.03,206.35,21.78
高屏,2018,10,269,219803,1.22,15.62,93.75,109.67,221.21,425.56,184.61,21.12
高屏,2018,11,249,222168,1.12,13.8,93.95,107.03,305.17,434.26,215.19,21.58
高屏,2018,12,225,221297,1.02,11.81,83.48,95.17,311.45,404.07,165.89,19.8
高屏,2018,13,261,235114,1.11,8.77,75.82,84.94,313.09,438.09,208.42,19.84
高屏,2018,14,198,200378,0.99,8.52,67.81,76.36,269.03,474.05,175.88,19.74
高屏,2018,15,234,218449,1.07,13.7,68.6,81.69,202.72,304.69,100.65,21.22
高屏,2018,16,237,226194,1.05,8.34,79.35,88.09,325.71,429.79,187.54,24.19
高屏,2018,17,185,208221,0.89,8.75,64.14,72.85,285.32,364.3,153.06,20.36
高屏,2018,18,189,216933,0.87,10.75,59.17,69.48,233.59,329.42,123.27,20.76
高屏,2018,19,193,227988,0.85,10.59,58.35,68.3,233.87,282.63,99.42,20.18
高屏,2018,20,190,203308,0.93,15.24,50.44,66.31,134.87,215.82,74.29,21.88
高屏,2018,21,165,215380,0.77,11.15,51.41,62.38,183.18,254.55,97.9,18.95
高屏,2018,22,189,209463,0.9,10.53,51.73,62.14,212.41,251.08,96.64,21.0
高屏,2018,23,169,206655,0.82,8.77,51.67,60.75,207.31,248.37,87.69,19.96
高屏,2018,24,183,215135,0.85,8.22,53.11,61.34,278.52,254.13,84.56,17.73
高屏,2018,25,162,206162,0.79,18.89,51.35,70.22,122.75,162.74,52.49,16.47
高屏,2018,26,151,204329,0.74,13.6,47.32,60.63,133.24,176.58,64.04,16.53
高屏,2018,27,197,210615,0.94,20.32,54.84,75.07,122.57,158.49,49.26,14.68
高屏,2018,28,191,213923,0.89,10.97,50.48,61.3,173.34,215.38,83.3,19.96
高屏,2018,29,172,209111,0.82,9.83,46.15,56.7,181.56,221.95,87.21,17.67
高屏,2018,30,179,195765,0.91,12.7,49.92,62.7,154.9,200.47,77.44,17.29
高屏,2018,31,193,207893,0.93,14.24,46.57,60.57,141.58,185.95,68.4,14.68
高屏,2018,32,195,203932,0.96,9.59,45.67,55.5,202.32,189.08,79.27,15.99
高屏,2018,33,189,211201,0.89,13.68,52.41,65.31,166.76,142.21,48.56,16.05
高屏,2018,34,155,211039,0.73,11.87,48.1,59.71,202.68,136.01,55.2,16.07
高屏,2018,35,176,201356,0.87,24.75,47.82,72.27,123.57,141.97,56.38,16.67
高屏,2018,36,221,212910,1.04,12.07,48.46,60.81,165.09,186.95,79.87,15.44
高屏,2018,37,165,210857,0.78,12.84,59.65,71.91,184.35,254.11,109.69,18.45
高屏,2018,38,206,224681,0.92,10.35,54.64,65.33,203.78,263.81,128.49,19.84
高屏,2018,39,216,226212,0.95,7.92,59.99,68.96,285.94,362.17,129.17,18.83
高屏,2018,40,236,224204,1.05,7.36,70.12,77.8,389.05,440.92,179.01,21.98
高屏,2018,41,171,213609,0.8,9.99,73.83,84.36,290.15,350.68,177.77,21.34
高屏,2018,42,171,203322,0.84,8.93,77.34,86.91,306.05,387.09,180.28,21.0
高屏,2018,43,166,210442,0.79,9.03,77.68,86.69,313.74,471.81,208.44,22.81
高屏,2018,44,179,208607,0.86,17.63,110.72,128.33,244.4,461.76,197.85,21.5
高屏,2018,45,200,217302,0.92,12.01,83.38,95.45,248.51,457.75,233.21,21.64
高屏,2018,46,174,208819,0.83,12.54,91.9,104.44,287.94,465.67,248.13,24.57
高屏,2018,47,145,190719,0.76,13.7,96.66,110.09,253.24,397.34,176.85,20.64
高屏,2018,48,176,214961,0.82,16.93,101.79,118.88,228.41,368.01,185.77,21.18
高屏,2018,49,191,203152,0.94,15.56,104.54,120.56,230.54,434.1,189.54,22.52
高屏,2018,50,197,204471,0.96,20.48,112.64,133.06,207.37,420.4,203.52,21.06
高屏,2018,51,232,218864,1.06,15.99,112.84,129.11,261.01,509.25,244.32,20.78
高屏,2018,52,218,216418,1.01,14.48,102.31,117.26,206.35,409.73,166.13,18.55
高屏,2019,1,170,200233,0.85,24.15,116.21,140.28,176.99,413.52,205.37,18.83
高屏,2019,2,243,218972,1.11,19.48,111.12,130.53,224.76,503.94,237.88,20.06
高屏,2019,3,208,211305,0.98,15.83,104.7,120.74,210.8,460.21,245.12,16.91
高屏,2019,4,198,208567,0.95,18.59,114.69,133.46,254.91,542.65,263.15,17.81
高屏,2019,5,283,236415,1.2,16.85,103.62,120.18,265.06,437.01,204.04,17.99
高屏,2019,6,141,203639,0.69,10.79,72.85,83.68,237.7,350.62,172.07,15.85
高屏,2019,7,289,229682,1.26,13.76,84.26,97.86,226.49,364.52,164.51,16.61
高屏,2019,8,251,217988,1.15,14.82,78.34,93.07,206.05,304.29,143.63,14.74
高屏,2019,9,232,200281,1.16,12.5,79.21,91.1,266.18,379.5,197.08,16.75
高屏,2019,10,202,203338,0.99,16.53,94.97,111.84,205.31,273.56,143.83,14.96
高屏,2019,11,206,217056,0.95,13.12,90.46,103.25,320.23,419.94,218.66,17.41
高屏,2019,12,245,219734,1.11,17.31,88.73,105.96,196.3,335.6,176.14,15.89
高屏,2019,13,206,213119,0.97,12.84,73.61,85.72,261.59,315.08,147.2,16.85
高屏,2019,14,209,211719,0.99,8.97,70.34,80.09,315.06,372.0,210.68,16.35
高屏,2019,15,236,216776,1.09,13.86,66.31,79.81,248.05,309.04,151.23,17.61
高屏,2019,16,262,219575,1.19,12.76,74.31,86.33,250.17,224.32,119.44,16.43
高屏,2019,17,213,215166,0.99,14.64,54.6,69.36,185.89,226.85,109.89,14.96
高屏,2019,18,199,203666,0.98,10.15,64.0,73.91,248.35,218.26,103.64,13.78
高屏,2019,19,222,214364,1.04,12.19,71.75,83.1,259.72,295.6,154.96,15.74
高屏,2019,20,210,205677,1.02,13.8,46.45,60.57,135.97,190.36,73.37,14.32
高屏,2019,21,197,192076,1.03,8.87,60.01,69.7,289.59,263.31,123.83,16.51
高屏,2019,22,185,213217,0.87,13.3,48.98,61.78,181.72,175.0,80.25,14.18
高屏,2019,23,207,209334,0.99,18.03,44.91,62.54,113.79,142.19,62.24,15.3
高屏,2019,24,259,217451,1.19,13.72,51.09,64.04,178.41,142.81,66.25,14.52
高屏,2019,25,213,222352,0.96,16.13,44.75,61.52,122.67,138.68,58.03,14.78
高屏,2019,26,181,200485,0.9,14.36,48.16,62.94,146.14,153.34,52.55,14.96
高屏,2019,27,224,214817,1.04,20.36,46.55,66.41,121.23,143.61,52.71,13.96
高屏,2019,28,190,216535,0.88,15.95,39.57,55.88,126.62,130.49,68.23,12.86
高屏,2019,29,242,222571,1.09,14.14,47.98,61.56,167.8,165.03,79.89,13.9
高屏,2019,30,202,210765,0.96,14.22,42.2,55.72,138.4,123.39,58.51,13.76
高屏,2019,31,236,224521,1.05,12.4,48.22,59.91,175.26,162.16,82.56,14.18
高屏,2019,32,239,216636,1.1,11.69,39.73,50.89,187.92,195.98,78.48,13.7
高屏,2019,33,225,209152,1.08,13.98,52.21,65.69,162.14,115.61,53.49,13.24
高屏,2019,34,231,218761,1.06,12.6,42.26,54.56,181.72,141.75,75.01,16.35
高屏,2019,35,230,215214,1.07,13.98,50.38,64.12,171.57,178.13,97.7,15.24
高屏,2019,36,240,225820,1.06,13.52,45.33,58.73,175.54,133.56,65.79,14.3
高屏,2019,37,199,212237,0.94,7.92,49.98,58.99,244.76,206.27,127.4,15.7
高屏,2019,38,233,210876,1.1,8.14,55.9,65.47,342.68,328.9,138.66,17.19
高屏,2019,39,201,195783,1.03,9.03,62.34,71.85,327.09,344.44,187.42,18.97
高屏,2019,40,210,218263,0.96,9.45,53.65,63.5,280.34,295.6,189.3,14.16
高屏,2019,41,187,198392,0.94,9.51,50.7,60.13,318.89,290.15,164.51,14.44
高屏,2019,42,209,207776,1.01,12.84,68.23,80.35,325.75,369.05,157.61,17.59
高屏,2019,43,216,227190,0.95,11.45,69.3,80.19,329.16,331.31,172.71,18.87
高屏,2019,44,185,197993,0.93,12.66,81.21,93.65,297.73,438.99,204.02,18.85
高屏,2019,45,191,206931,0.92,12.58,84.08,96.38,304.25,398.68,177.31,18.27
高屏,2019,46,215,213389,1.01,13.02,84.12,96.52,324.67,404.76,203.72,18.41
高屏,2019,47,217,223201,0.97,16.23,95.03,111.3,241.29,352.73,163.07,17.93
高屏,2019,48,199,211417,0.94,14.62,92.02,106.89,246.34,371.92,159.8,17.47
高屏,2019,49,214,206979,1.03,17.29,91.02,108.19,192.15,248.05,124.94,13.74
高屏,2019,50,206,222025,0.93,16.53,98.84,115.73,253.79,337.1,172.39,16.33
高屏,2019,51,163,204206,0.8,22.2,100.27,123.27,180.07,318.05,169.2,16.47
高屏,2019,52,218,223761,0.97,22.6,107.43,129.83,170.49,320.36,162.12,14.96
