region,year,week,case_c,pop_total,case_per_capita(‰),NO2,NOX,NO,O3,PM10,PM25,SO2
北北基桃竹,2016,1,7786,741051,10.51,20.67,34.98,14.4,19.54,46.31,24.44,3.19
北北基桃竹,2016,2,32898,743384,44.25,17.05,24.36,7.35,28.43,38.04,20.39,2.63
北北基桃竹,2016,3,32688,743384,43.97,18.51,26.79,8.34,26.27,40.25,22.23,2.43
北北基桃竹,2016,4,32878,743384,44.23,17.46,30.85,13.41,25.22,34.89,16.37,2.82
北北基桃竹,2016,5,38828,743384,52.23,16.4,25.09,8.76,27.23,22.41,9.15,2.09
北北基桃竹,2016,6,49496,743384,66.58,17.41,23.98,6.6,36.53,55.8,30.73,2.96
北北基桃竹,2016,7,24388,743384,32.81,16.92,25.28,8.34,24.57,32.68,17.0,2.26
北北基桃竹,2016,8,49910,743384,67.14,15.88,22.57,6.73,34.17,52.45,20.56,2.03
北北基桃竹,2016,9,45211,743384,60.82,18.69,25.82,7.12,34.95,41.35,18.85,2.32
北北基桃竹,2016,10,43986,743384,59.17,22.26,34.52,12.22,22.72,44.32,24.21,3.18
北北基桃竹,2016,11,39795,743384,53.53,23.05,37.3,14.26,26.71,35.4,18.53,2.36
北北基桃竹,2016,12,37064,743384,49.86,21.33,36.47,15.17,31.44,45.52,23.54,2.44
北北基桃竹,2016,13,34864,743384,46.9,24.34,32.75,8.41,38.91,60.83,32.54,3.39
北北基桃竹,2016,14,38509,743384,51.8,22.24,30.74,8.51,26.93,63.51,38.38,3.74
北北基桃竹,2016,15,30822,743384,41.46,20.08,27.16,7.16,25.64,39.27,22.04,3.2
北北基桃竹,2016,16,30627,743384,41.2,20.38,29.5,9.21,31.9,42.9,21.14,3.01
北北基桃竹,2016,17,28869,743196,38.84,16.86,23.7,6.89,28.36,46.58,25.62,3.33
北北基桃竹,2016,18,28477,743384,38.31,19.06,24.89,5.84,40.27,61.0,33.94,3.52
北北基桃竹,2016,19,27084,743384,36.43,16.51,23.29,6.72,28.88,39.17,19.32,3.43
北北基桃竹,2016,20,26342,743088,35.45,14.08,18.68,4.64,35.51,33.84,15.37,2.51
北北基桃竹,2016,21,26604,743384,35.79,18.29,25.25,6.98,23.88,37.42,20.51,3.96
北北基桃竹,2016,22,23853,743384,32.09,13.88,20.6,6.76,22.19,32.99,13.91,3.14
北北基桃竹,2016,23,22159,743384,29.81,14.77,21.58,6.78,25.24,31.64,14.18,3.04
北北基桃竹,2016,24,20805,743384,27.99,13.01,22.57,9.58,17.87,24.42,8.5,2.38
北北基桃竹,2016,25,21915,743384,29.48,14.56,21.34,6.8,22.91,29.06,12.24,3.36
北北基桃竹,2016,26,20909,743196,28.13,14.97,21.6,6.68,24.66,29.66,13.51,3.43
北北基桃竹,2016,27,20107,743196,27.05,11.69,18.31,6.66,19.53,25.83,9.96,2.76
北北基桃竹,2016,28,19024,742591,25.62,12.65,18.75,6.18,21.59,26.03,9.77,2.58
北北基桃竹,2016,29,20001,743384,26.91,13.88,21.29,7.43,20.86,32.46,13.79,2.78
北北基桃竹,2016,30,19776,742803,26.62,14.79,20.3,5.51,30.88,36.52,20.16,3.9
北北基桃竹,2016,31,19954,743384,26.84,12.6,17.81,5.13,27.11,30.15,13.98,3.07
北北基桃竹,2016,32,20165,743196,27.13,12.74,18.83,6.07,21.99,25.47,11.04,3.13
北北基桃竹,2016,33,20926,743061,28.16,12.43,18.01,5.6,24.68,24.07,9.93,2.73
北北基桃竹,2016,34,21340,742732,28.73,13.18,18.86,5.67,26.49,34.73,16.13,3.26
北北基桃竹,2016,35,21729,743384,29.23,15.98,20.48,4.58,45.67,45.27,23.17,3.27
北北基桃竹,2016,36,23167,742999,31.18,14.75,21.29,6.59,22.72,27.73,13.24,2.99
北北基桃竹,2016,37,21949,742836,29.55,12.37,19.6,7.22,20.26,25.1,9.94,2.5
北北基桃竹,2016,38,20111,743061,27.07,11.27,16.81,5.56,29.73,32.93,12.07,2.26
北北基桃竹,2016,39,25450,743024,34.25,10.24,14.92,4.73,26.23,31.37,13.49,2.37
北北基桃竹,2016,40,20107,743196,27.05,11.6,18.93,7.28,20.38,29.26,12.58,2.57
北北基桃竹,2016,41,22742,742999,30.61,12.55,19.91,7.42,27.74,22.34,8.1,2.16
北北基桃竹,2016,42,22805,742999,30.69,9.32,15.37,6.04,20.84,27.16,11.05,2.32
北北基桃竹,2016,43,22971,743384,30.9,17.42,24.25,6.82,27.9,43.67,21.68,3.83
北北基桃竹,2016,44,24150,743196,32.49,12.02,16.53,4.62,35.19,36.06,13.67,2.65
北北基桃竹,2016,45,28454,743196,38.29,16.72,23.58,6.87,29.1,35.28,15.89,2.87
北北基桃竹,2016,46,28808,743196,38.76,18.67,25.8,7.14,31.72,46.29,21.34,3.39
北北基桃竹,2016,47,29108,743196,39.17,18.14,27.12,9.0,23.1,28.6,12.23,3.15
北北基桃竹,2016,48,28234,743196,37.99,13.63,19.21,5.61,30.01,37.44,13.71,2.21
北北基桃竹,2016,49,29354,743117,39.5,14.35,19.26,4.94,31.82,41.42,16.74,2.82
北北基桃竹,2016,50,29093,743384,39.14,15.12,21.35,6.21,32.5,40.01,16.75,2.4
北北基桃竹,2016,51,29739,743196,40.02,18.31,27.84,9.51,26.35,38.54,17.88,2.76
北北基桃竹,2016,52,29935,743187,40.28,14.43,20.12,5.77,32.11,40.16,17.66,2.3
北北基桃竹,2017,1,29157,741960,39.3,18.73,26.98,8.25,24.61,43.11,21.99,2.95
北北基桃竹,2017,2,29505,741784,39.78,14.94,20.37,5.43,31.73,38.94,20.52,2.8
北北基桃竹,2017,3,31038,741661,41.85,15.2,22.04,6.85,29.07,31.61,12.66,2.23
北北基桃竹,2017,4,34390,741960,46.35,12.92,17.95,5.01,36.95,36.96,16.1,2.24
北北基桃竹,2017,5,26214,741960,35.33,13.99,20.13,6.11,29.17,35.41,17.39,2.25
北北基桃竹,2017,6,33322,741960,44.91,13.23,18.38,5.16,37.12,49.22,25.08,2.45
北北基桃竹,2017,7,32268,741960,43.49,18.36,25.66,7.3,36.39,41.71,20.82,2.57
北北基桃竹,2017,8,28148,741784,37.95,18.6,26.94,8.33,29.41,34.25,17.7,2.17
北北基桃竹,2017,9,28640,741784,38.61,19.77,27.83,8.04,35.72,49.02,24.09,2.79
北北基桃竹,2017,10,29523,741960,39.79,21.15,28.47,7.3,38.41,43.97,23.58,2.68
北北基桃竹,2017,11,29217,741960,39.38,17.71,23.85,6.18,35.57,36.81,17.39,2.39
北北基桃竹,2017,12,28878,741960,38.92,17.67,24.16,6.56,36.86,31.37,15.0,2.76
北北基桃竹,2017,13,30924,741960,41.68,20.8,27.28,6.51,43.44,66.24,32.8,3.15
北北基桃竹,2017,14,30562,741784,41.2,20.11,26.82,6.76,41.22,51.46,28.84,3.21
北北基桃竹,2017,15,28573,741960,38.51,19.96,27.62,7.64,31.12,43.12,21.73,3.18
北北基桃竹,2017,16,25181,741697,33.95,17.32,25.14,7.9,26.68,43.52,22.99,2.81
北北基桃竹,2017,17,28100,741614,37.89,19.84,26.88,7.08,40.81,42.31,18.77,2.83
北北基桃竹,2017,18,27534,741665,37.12,18.12,24.3,6.22,33.2,44.31,24.66,3.59
北北基桃竹,2017,19,26025,741960,35.08,16.91,22.81,5.99,30.49,47.46,19.8,3.27
北北基桃竹,2017,20,26111,741126,35.23,14.53,18.68,4.18,39.35,28.07,13.48,2.75
北北基桃竹,2017,21,25665,741767,34.6,14.44,19.33,4.9,32.92,29.11,12.84,2.89
北北基桃竹,2017,22,22254,741438,30.01,13.49,19.0,5.56,28.88,23.2,10.87,2.37
北北基桃竹,2017,23,23415,741697,31.57,15.47,21.8,6.38,25.53,35.7,19.25,3.37
北北基桃竹,2017,24,23029,741960,31.04,15.6,23.63,8.05,23.21,20.83,8.77,2.39
北北基桃竹,2017,25,24993,741438,33.71,14.55,25.13,10.62,17.21,24.95,10.93,2.97
北北基桃竹,2017,26,24721,741647,33.33,13.79,19.92,6.13,23.93,30.08,14.58,3.3
北北基桃竹,2017,27,24521,741784,33.06,14.01,21.46,7.45,18.63,23.93,9.67,2.83
北北基桃竹,2017,28,23991,741489,32.36,14.32,21.36,7.01,20.51,28.52,13.19,3.25
北北基桃竹,2017,29,22626,740790,30.54,12.42,18.22,5.96,22.89,29.07,13.81,3.23
北北基桃竹,2017,30,20798,741697,28.04,12.33,17.76,5.46,24.92,29.31,15.29,3.18
北北基桃竹,2017,31,19336,741784,26.07,14.86,21.5,6.72,23.84,31.62,14.58,2.97
北北基桃竹,2017,32,18412,740862,24.85,12.08,18.33,6.28,22.73,32.3,14.62,2.85
北北基桃竹,2017,33,18441,741468,24.87,13.91,19.86,5.96,25.63,32.03,17.9,3.67
北北基桃竹,2017,34,18498,741205,24.96,11.21,16.9,5.68,22.61,25.7,12.23,2.76
北北基桃竹,2017,35,18705,741328,25.23,10.24,15.14,4.98,25.21,23.38,10.26,2.57
北北基桃竹,2017,36,19282,741521,26.0,14.64,20.98,6.41,24.02,30.73,15.45,3.27
北北基桃竹,2017,37,20531,741697,27.68,14.8,21.4,6.59,28.84,34.8,15.65,3.1
北北基桃竹,2017,38,21821,741191,29.44,16.67,21.15,4.57,41.94,44.52,24.9,4.25
北北基桃竹,2017,39,21091,741960,28.43,15.36,20.83,5.45,31.22,35.83,19.17,3.45
北北基桃竹,2017,40,21801,741960,29.38,12.31,16.45,4.11,35.23,37.54,18.25,3.06
北北基桃竹,2017,41,20292,741767,27.36,8.23,13.15,4.94,21.75,22.37,8.61,2.16
北北基桃竹,2017,42,22268,741784,30.02,12.32,20.15,7.79,28.91,26.4,10.26,2.1
北北基桃竹,2017,43,27243,741784,36.73,15.4,20.61,5.31,46.32,46.42,20.92,2.29
北北基桃竹,2017,44,27608,741784,37.22,14.04,19.59,5.67,37.38,38.18,15.66,2.28
北北基桃竹,2017,45,27051,741697,36.47,13.02,17.9,4.87,33.81,32.58,14.78,2.34
北北基桃竹,2017,46,26229,741521,35.37,15.93,22.28,6.35,26.39,28.18,13.54,2.73
北北基桃竹,2017,47,27241,741697,36.73,14.25,20.76,6.52,28.08,23.63,9.45,2.17
北北基桃竹,2017,48,27390,741960,36.92,13.75,20.17,6.41,29.19,27.49,12.31,2.23
北北基桃竹,2017,49,29124,741784,39.26,15.55,21.91,6.5,31.65,36.16,16.8,2.49
北北基桃竹,2017,50,31592,741960,42.58,14.54,21.4,6.92,30.47,28.52,12.55,2.48
北北基桃竹,2017,51,33711,741960,45.44,15.03,21.61,6.62,31.75,34.19,16.01,2.54
北北基桃竹,2017,52,37133,741960,50.05,14.58,19.38,4.83,34.84,50.25,24.22,2.66
北北基桃竹,2018,1,32890,815572,40.33,14.62,20.77,6.13,28.5,30.27,12.52,2.22
北北基桃竹,2018,2,33384,815572,40.93,15.88,24.19,8.34,27.7,29.18,12.28,2.34
北北基桃竹,2018,3,35138,815572,43.08,18.61,27.55,8.9,28.91,33.99,16.95,3.13
北北基桃竹,2018,4,33630,815572,41.23,12.7,17.45,4.77,32.79,27.74,10.72,2.1
北北基桃竹,2018,5,30661,815572,37.59,14.27,19.88,5.57,31.14,26.96,14.77,1.96
北北基桃竹,2018,6,33979,815572,41.66,18.52,28.32,9.85,29.66,37.92,18.19,2.25
北北基桃竹,2018,7,31712,815572,38.88,18.35,25.37,7.03,33.79,66.64,26.62,2.66
北北基桃竹,2018,8,34378,815572,42.15,16.69,22.92,6.24,30.12,42.49,21.53,2.41
北北基桃竹,2018,9,34776,815572,42.64,22.54,35.58,13.07,24.78,57.7,29.31,3.23
北北基桃竹,2018,10,32577,815346,39.95,13.91,19.34,5.45,33.44,34.92,15.41,1.98
北北基桃竹,2018,11,34218,815572,41.96,21.79,31.02,9.22,29.08,44.18,21.49,3.25
北北基桃竹,2018,12,33757,815572,41.39,15.8,21.06,5.26,38.44,43.24,18.94,2.16
北北基桃竹,2018,13,33395,815572,40.95,13.96,19.03,5.02,34.97,46.08,19.58,2.27
北北基桃竹,2018,14,27725,815346,34.0,14.21,18.85,4.65,35.91,67.4,26.07,2.41
北北基桃竹,2018,15,31875,815572,39.08,19.0,27.29,8.34,29.32,47.34,21.67,3.2
北北基桃竹,2018,16,28453,815572,34.89,16.33,20.89,4.53,42.24,54.32,22.27,2.76
北北基桃竹,2018,17,26300,815346,32.26,16.85,21.4,4.56,40.93,42.49,22.6,2.85
北北基桃竹,2018,18,24997,815346,30.66,15.67,20.37,4.72,35.71,42.99,22.14,3.01
北北基桃竹,2018,19,24564,815572,30.12,15.04,19.51,4.5,37.13,40.3,16.82,3.09
北北基桃竹,2018,20,22314,815083,27.38,15.21,21.0,5.7,24.72,38.63,20.25,4.06
北北基桃竹,2018,21,21916,815346,26.88,15.13,19.74,4.67,31.95,39.95,18.83,3.69
北北基桃竹,2018,22,20459,815224,25.1,12.89,16.75,3.82,37.35,33.05,16.42,2.94
北北基桃竹,2018,23,20190,815346,24.76,11.77,16.61,4.87,23.97,27.64,12.37,2.95
北北基桃竹,2018,24,21158,815346,25.95,13.22,17.08,3.88,42.06,32.18,13.9,2.29
北北基桃竹,2018,25,19436,814965,23.85,12.33,19.02,6.64,17.95,25.16,9.31,2.69
北北基桃竹,2018,26,19900,814998,24.42,12.9,18.29,5.33,24.7,30.33,14.55,3.38
北北基桃竹,2018,27,19899,814938,24.42,10.88,17.22,6.37,21.0,25.13,9.64,2.54
北北基桃竹,2018,28,19064,814536,23.4,7.65,13.13,5.52,16.36,23.78,9.38,2.44
北北基桃竹,2018,29,19272,815224,23.64,7.27,13.25,5.97,14.47,20.95,9.23,2.41
北北基桃竹,2018,30,19123,815224,23.46,13.41,19.47,6.07,24.0,35.56,17.2,3.23
北北基桃竹,2018,31,19064,815224,23.38,13.33,18.65,5.32,28.32,33.79,16.03,3.14
北北基桃竹,2018,32,20029,815572,24.56,11.96,16.69,4.83,26.13,32.17,18.23,3.2
北北基桃竹,2018,33,20872,815572,25.59,13.78,19.28,5.49,24.65,25.92,11.41,2.89
北北基桃竹,2018,34,21502,815110,26.38,12.76,17.53,4.83,26.03,23.26,10.2,2.56
北北基桃竹,2018,35,22422,815572,27.49,14.78,22.08,7.3,20.1,26.41,11.24,2.55
北北基桃竹,2018,36,22882,815346,28.06,13.74,19.06,5.24,27.45,31.26,15.33,2.89
北北基桃竹,2018,37,23629,814998,28.99,9.47,15.08,5.64,20.8,24.27,9.7,2.31
北北基桃竹,2018,38,23654,814961,29.02,12.41,17.63,5.29,24.99,34.42,18.87,3.09
北北基桃竹,2018,39,23025,814998,28.25,11.84,16.46,4.59,39.62,38.2,13.09,2.08
北北基桃竹,2018,40,26725,815346,32.78,13.08,16.88,3.8,50.31,40.13,16.03,2.32
北北基桃竹,2018,41,23770,814965,29.17,12.77,16.83,4.07,36.61,24.95,11.22,2.16
北北基桃竹,2018,42,25464,815110,31.24,13.63,17.9,4.26,40.07,28.5,11.69,2.17
北北基桃竹,2018,43,25531,815346,31.31,14.62,19.7,5.15,38.28,44.51,17.38,2.59
北北基桃竹,2018,44,27889,815346,34.21,12.61,16.74,4.08,42.53,28.93,11.03,2.12
北北基桃竹,2018,45,24228,815309,29.72,15.48,21.7,6.19,26.77,36.76,19.11,2.87
北北基桃竹,2018,46,24970,815572,30.62,14.25,19.47,5.24,29.74,29.72,13.06,2.53
北北基桃竹,2018,47,24704,815346,30.3,13.83,19.07,5.21,30.62,25.26,11.36,2.21
北北基桃竹,2018,48,27798,815572,34.08,17.08,23.45,6.43,31.25,37.64,17.23,2.58
北北基桃竹,2018,49,29306,815191,35.95,15.37,22.52,7.14,26.77,26.99,12.18,2.57
北北基桃竹,2018,50,29880,815572,36.64,13.0,19.03,5.98,25.33,21.54,9.85,2.08
北北基桃竹,2018,51,31860,815572,39.06,19.74,28.01,8.31,31.15,45.69,21.12,2.97
北北基桃竹,2018,52,30732,815572,37.68,11.03,15.93,4.9,30.19,16.07,7.16,1.89
北北基桃竹,2019,1,25062,817784,30.65,14.12,20.51,6.39,25.19,19.41,9.43,2.09
北北基桃竹,2019,2,32040,818010,39.17,15.87,23.56,7.71,23.65,30.36,13.86,2.15
北北基桃竹,2019,3,32095,817620,39.25,16.66,23.99,7.38,31.62,38.31,17.9,2.11
北北基桃竹,2019,4,35086,817677,42.91,15.85,21.35,5.48,38.64,44.25,19.35,2.24
北北基桃竹,2019,5,43971,818010,53.75,18.73,26.82,8.15,29.99,43.53,22.4,2.33
北北基桃竹,2019,6,16667,817020,20.4,10.49,14.16,3.69,31.36,31.3,14.74,1.71
北北基桃竹,2019,7,37328,818010,45.63,13.89,18.91,4.99,29.54,24.66,11.3,1.98
北北基桃竹,2019,8,31366,817620,38.36,15.6,21.81,6.22,31.22,30.07,13.99,2.12
北北基桃竹,2019,9,29312,817537,35.85,16.16,21.34,5.2,33.75,46.07,22.12,2.01
北北基桃竹,2019,10,30592,818010,37.4,17.81,23.82,6.07,35.69,29.27,15.65,1.97
北北基桃竹,2019,11,31908,818010,39.01,16.99,22.09,5.1,44.56,41.83,19.89,2.15
北北基桃竹,2019,12,30183,818010,36.9,16.54,22.85,6.25,33.86,37.51,18.42,2.18
北北基桃竹,2019,13,29682,818010,36.29,14.8,19.56,4.79,40.54,39.23,17.31,2.22
北北基桃竹,2019,14,27871,818010,34.07,16.7,22.67,6.0,38.51,40.07,20.95,2.34
北北基桃竹,2019,15,29121,818010,35.6,14.37,19.3,4.91,37.77,34.06,16.36,2.16
北北基桃竹,2019,16,27902,818010,34.11,18.97,24.64,5.69,34.42,37.16,20.24,2.75
北北基桃竹,2019,17,24360,816883,29.82,13.93,19.02,5.11,34.26,34.13,16.89,2.92
北北基桃竹,2019,18,25613,817522,31.33,12.94,16.82,3.94,42.56,33.59,14.15,1.95
北北基桃竹,2019,19,26585,817451,32.52,13.75,17.97,4.18,37.97,23.62,11.18,2.16
北北基桃竹,2019,20,24462,818010,29.9,13.58,20.54,7.03,21.9,31.51,15.34,2.38
北北基桃竹,2019,21,25536,818010,31.22,14.66,19.15,4.48,39.06,38.31,15.8,2.31
北北基桃竹,2019,22,24225,818010,29.61,13.05,18.59,5.53,30.57,28.3,11.35,2.31
北北基桃竹,2019,23,21864,817023,26.76,12.62,20.98,8.44,17.78,25.16,10.24,2.32
北北基桃竹,2019,24,24147,816942,29.56,15.09,20.77,5.68,36.61,23.25,12.14,2.22
北北基桃竹,2019,25,22769,817677,27.85,12.87,18.61,5.79,21.58,22.0,9.49,2.26
北北基桃竹,2019,26,21885,817620,26.77,13.0,19.01,5.99,23.39,21.7,9.97,2.27
北北基桃竹,2019,27,21079,817618,25.78,11.06,16.96,5.91,21.79,19.15,8.76,2.09
北北基桃竹,2019,28,21075,817415,25.78,10.7,16.24,5.59,21.05,21.27,11.9,2.12
北北基桃竹,2019,29,20387,817392,24.94,9.99,15.46,5.47,20.17,22.04,9.83,2.22
北北基桃竹,2019,30,19953,816324,24.44,11.92,17.29,5.43,23.93,22.95,11.24,2.32
北北基桃竹,2019,31,19712,817677,24.11,7.58,12.72,5.1,19.36,16.24,8.84,2.16
北北基桃竹,2019,32,18877,816368,23.12,7.68,12.53,4.85,22.76,21.85,10.72,1.92
北北基桃竹,2019,33,20062,817638,24.54,11.71,16.32,4.67,31.41,20.63,11.48,2.16
北北基桃竹,2019,34,20441,818010,24.99,9.87,14.97,5.09,22.86,20.17,9.86,2.29
北北基桃竹,2019,35,20426,817285,24.99,9.61,15.45,5.88,20.09,21.22,12.07,2.44
北北基桃竹,2019,36,21167,817677,25.89,11.14,17.99,6.86,20.08,19.28,10.4,2.4
北北基桃竹,2019,37,21178,817356,25.91,9.03,13.93,4.94,25.76,22.22,11.79,2.22
北北基桃竹,2019,38,24832,817618,30.37,13.28,17.97,4.72,43.19,33.86,13.64,2.03
北北基桃竹,2019,39,25363,817620,31.02,10.29,15.44,5.14,25.77,17.61,7.76,1.99
北北基桃竹,2019,40,22917,818010,28.02,12.9,19.06,6.18,31.59,33.36,21.05,2.33
北北基桃竹,2019,41,23213,817529,28.39,11.19,14.62,3.45,44.63,31.59,16.2,2.19
北北基桃竹,2019,42,26842,818010,32.81,11.69,15.46,3.76,44.85,33.92,13.82,1.84
北北基桃竹,2019,43,26514,818010,32.41,12.59,16.88,4.33,40.87,27.83,13.08,2.21
北北基桃竹,2019,44,25828,818010,31.57,11.28,14.66,3.41,45.04,42.3,17.67,1.94
北北基桃竹,2019,45,26633,817677,32.57,11.96,16.36,4.37,43.26,29.05,12.52,1.99
北北基桃竹,2019,46,29104,818010,35.58,16.04,21.97,5.9,38.24,42.07,20.57,2.27
北北基桃竹,2019,47,28323,818010,34.62,12.01,17.62,5.61,27.8,23.11,9.75,2.0
北北基桃竹,2019,48,27674,816934,33.88,12.15,16.57,4.45,32.26,23.91,11.22,2.07
北北基桃竹,2019,49,28423,817023,34.79,12.84,18.11,5.23,35.6,24.07,10.82,2.01
北北基桃竹,2019,50,32679,817748,39.96,16.91,24.19,7.23,31.63,32.14,16.2,2.58
北北基桃竹,2019,51,31481,818010,38.48,15.93,23.97,8.05,23.04,18.94,9.8,2.23
北北基桃竹,2019,52,31593,818010,38.62,16.36,25.89,9.52,23.33,23.22,11.9,2.09
宜花東,2016,1,413,54307,7.6,9.82,13.84,4.08,22.24,25.83,11.08,1.81
宜花東,2016,2,2371,59271,40.0,9.24,12.04,2.81,27.56,26.15,12.52,1.63
宜花東,2016,3,2329,59080,39.42,10.24,13.76,3.59,24.17,29.02,14.65,1.88
宜花東,2016,4,2527,59080,42.77,8.97,12.86,4.02,25.49,24.19,10.91,1.7
宜花東,2016,5,2807,59271,47.36,9.1,12.17,3.09,26.69,17.71,7.63,1.55
宜花東,2016,6,3494,59080,59.14,8.1,10.22,2.26,37.32,44.06,22.49,1.69
宜花東,2016,7,1732,59271,29.22,8.28,10.99,2.71,25.47,23.57,11.75,1.63
宜花東,2016,8,3647,59271,61.53,8.34,10.59,2.36,34.61,38.79,16.13,1.62
宜花東,2016,9,3542,59271,59.76,8.04,10.18,2.37,35.5,35.87,14.66,1.56
宜花東,2016,10,3420,59271,57.7,7.79,10.54,2.86,24.99,26.0,11.8,1.62
宜花東,2016,11,2998,59271,50.58,9.92,13.1,3.3,29.46,24.51,11.67,1.55
宜花東,2016,12,2834,59271,47.81,9.51,13.04,3.53,30.82,35.11,17.44,1.71
宜花東,2016,13,2595,59271,43.78,9.08,11.14,2.06,42.7,44.56,22.22,1.91
宜花東,2016,14,2813,59271,47.46,8.28,10.6,2.23,29.04,44.7,22.77,1.87
宜花東,2016,15,2141,59271,36.12,8.82,11.05,2.32,26.6,32.13,15.48,1.89
宜花東,2016,16,2209,59271,37.27,7.94,10.39,2.57,29.62,31.28,12.78,1.87
宜花東,2016,17,1987,59271,33.52,6.98,9.4,2.44,25.54,34.06,15.9,1.96
宜花東,2016,18,1963,59271,33.12,7.44,9.54,2.24,35.65,47.6,22.11,1.92
宜花東,2016,19,1929,59080,32.65,6.31,8.44,2.1,24.59,28.9,10.74,1.53
宜花東,2016,20,1770,59271,29.86,5.92,7.85,1.91,31.05,24.49,9.63,1.66
宜花東,2016,21,1822,59080,30.84,7.03,9.35,2.43,23.55,24.51,10.59,1.82
宜花東,2016,22,1651,59271,27.86,5.86,8.08,2.17,20.81,27.15,10.15,1.84
宜花東,2016,23,1614,59080,27.32,5.78,7.79,2.11,22.14,22.78,9.03,1.66
宜花東,2016,24,1500,59080,25.39,6.43,9.0,3.31,16.3,23.58,7.63,1.62
宜花東,2016,25,1652,59080,27.96,5.03,7.62,2.54,17.31,22.25,7.94,1.81
宜花東,2016,26,1494,59080,25.29,5.07,7.75,2.6,15.76,22.11,7.53,1.79
宜花東,2016,27,1497,59080,25.34,4.51,7.3,2.75,13.82,20.28,6.52,1.5
宜花東,2016,28,1359,59080,23.0,5.06,7.42,2.34,22.48,26.68,7.73,1.62
宜花東,2016,29,1461,59271,24.65,5.49,7.96,2.45,21.27,28.22,10.44,1.83
宜花東,2016,30,1415,59080,23.95,5.15,7.35,2.23,22.23,26.1,11.53,1.98
宜花東,2016,31,1437,59080,24.32,5.25,7.49,2.28,20.83,28.33,9.48,1.77
宜花東,2016,32,1519,59080,25.71,5.18,7.17,2.23,23.0,23.03,9.44,1.81
宜花東,2016,33,1577,59080,26.69,5.64,7.77,2.35,20.51,21.33,7.0,1.78
宜花東,2016,34,1559,59080,26.39,5.44,7.67,2.19,24.92,28.48,11.98,1.92
宜花東,2016,35,1523,59080,25.78,6.48,8.34,2.02,36.22,37.2,16.11,1.98
宜花東,2016,36,1703,59080,28.83,6.04,8.48,2.44,21.38,25.85,9.9,1.91
宜花東,2016,37,1631,59080,27.61,4.87,7.48,2.53,19.59,20.41,6.27,1.91
宜花東,2016,38,1373,58568,23.44,5.4,7.86,2.3,27.01,28.03,9.78,1.68
宜花東,2016,39,1803,59080,30.52,4.66,6.96,2.17,26.97,35.4,10.93,1.52
宜花東,2016,40,1442,59080,24.41,5.33,8.2,2.74,17.41,24.5,8.57,1.78
宜花東,2016,41,1599,59080,27.06,5.96,8.95,3.12,18.24,16.15,5.15,1.6
宜花東,2016,42,1624,59080,27.49,5.23,8.31,3.09,17.05,25.76,7.77,1.66
宜花東,2016,43,1641,59271,27.69,6.06,8.51,2.4,20.78,26.99,8.27,1.74
宜花東,2016,44,1753,59080,29.67,5.54,7.51,1.97,32.61,35.65,8.29,1.56
宜花東,2016,45,2092,59080,35.41,6.93,9.4,2.34,28.46,29.46,8.9,1.65
宜花東,2016,46,2059,59271,34.74,7.59,9.95,2.39,28.41,37.11,13.72,1.72
宜花東,2016,47,2056,59080,34.8,7.4,10.33,2.82,22.61,23.8,8.19,1.67
宜花東,2016,48,2073,59271,34.97,8.41,11.03,2.61,26.56,31.64,10.41,1.57
宜花東,2016,49,2021,59271,34.1,8.19,10.46,2.27,29.04,36.08,13.76,1.75
宜花東,2016,50,2113,59271,35.65,8.12,10.56,2.42,29.3,29.66,11.33,1.75
宜花東,2016,51,2154,59080,36.46,8.4,11.52,3.02,23.54,30.42,12.07,1.81
宜花東,2016,52,2237,59271,37.74,8.11,10.44,2.37,28.35,38.95,14.32,1.68
宜花東,2017,1,2101,57703,36.41,7.91,10.6,2.72,24.13,29.5,11.97,1.68
宜花東,2017,2,2138,57887,36.93,8.58,10.75,2.27,29.59,34.64,15.56,1.66
宜花東,2017,3,2277,57887,39.34,8.12,10.81,2.61,28.54,27.39,10.47,1.65
宜花東,2017,4,2276,57887,39.32,7.65,9.91,2.16,32.96,31.88,13.46,1.6
宜花東,2017,5,1884,57887,32.55,6.32,8.23,2.07,29.77,24.5,9.85,1.52
宜花東,2017,6,2503,57887,43.24,7.27,9.27,2.23,34.77,43.9,20.12,1.73
宜花東,2017,7,2464,57887,42.57,7.98,10.36,2.36,33.23,34.01,15.12,1.69
宜花東,2017,8,2207,57703,38.25,8.84,11.33,2.59,29.59,27.78,12.46,1.65
宜花東,2017,9,2054,57703,35.6,8.4,10.42,1.99,37.12,39.75,18.51,1.47
宜花東,2017,10,2128,57703,36.88,9.77,12.11,2.2,36.9,30.82,15.84,1.66
宜花東,2017,11,2125,57887,36.71,7.93,10.14,2.4,33.37,28.16,12.38,1.45
宜花東,2017,12,2060,57887,35.59,7.5,9.62,2.13,35.69,26.29,11.94,1.67
宜花東,2017,13,2219,57703,38.46,7.96,9.94,2.07,40.47,47.45,20.77,1.41
宜花東,2017,14,2288,57703,39.65,7.33,9.13,1.77,38.65,41.26,19.64,1.73
宜花東,2017,15,2080,57887,35.93,7.77,10.01,2.21,32.28,32.54,14.79,1.73
宜花東,2017,16,1784,57887,30.82,6.56,8.81,2.5,24.99,33.31,14.97,1.9
宜花東,2017,17,2047,57703,35.47,7.39,9.6,2.24,39.87,32.3,13.14,1.65
宜花東,2017,18,1942,57703,33.66,6.13,8.23,2.1,28.38,30.86,14.04,1.54
宜花東,2017,19,1770,57887,30.58,5.87,8.26,2.24,27.09,31.47,11.5,2.05
宜花東,2017,20,1867,57703,32.36,6.71,8.45,1.96,35.94,24.23,10.18,2.01
宜花東,2017,21,1921,57703,33.29,6.13,8.22,2.18,29.67,22.01,7.97,1.64
宜花東,2017,22,1675,57703,29.03,6.83,8.88,2.33,26.31,20.53,8.21,1.71
宜花東,2017,23,1763,57887,30.46,5.42,8.11,2.75,18.49,24.13,8.91,1.89
宜花東,2017,24,1826,57887,31.54,6.23,8.82,2.56,20.95,26.07,6.66,1.68
宜花東,2017,25,1835,57703,31.8,6.67,9.6,2.98,20.08,28.61,9.59,2.17
宜花東,2017,26,1760,57703,30.5,5.43,7.73,2.35,18.22,27.88,10.68,2.36
宜花東,2017,27,1703,57887,29.42,4.76,7.98,3.16,12.37,21.32,6.27,2.05
宜花東,2017,28,1691,57703,29.31,4.84,7.45,2.59,14.72,20.77,7.25,2.07
宜花東,2017,29,1606,57703,27.83,4.82,7.64,2.64,13.84,21.46,7.79,2.09
宜花東,2017,30,1480,57703,25.65,4.75,7.04,2.32,17.11,23.44,8.92,1.94
宜花東,2017,31,1383,57703,23.97,5.15,7.39,2.35,23.12,33.0,12.61,1.99
宜花東,2017,32,1268,57887,21.9,5.53,7.58,1.98,26.47,33.86,14.57,2.11
宜花東,2017,33,1238,57703,21.45,4.87,7.14,2.09,21.86,27.15,12.33,1.88
宜花東,2017,34,1294,57703,22.43,4.72,7.01,2.36,18.52,24.82,7.93,1.69
宜花東,2017,35,1369,57703,23.72,5.47,7.9,2.49,17.12,22.86,7.75,1.61
宜花東,2017,36,1370,57703,23.74,5.26,7.32,1.95,19.46,27.84,10.05,1.72
宜花東,2017,37,1469,57703,25.46,5.04,7.28,2.2,23.59,28.3,11.44,1.72
宜花東,2017,38,1472,57703,25.51,5.44,7.46,1.99,28.02,31.33,14.34,1.88
宜花東,2017,39,1453,57887,25.1,5.69,7.9,2.13,22.67,25.95,11.14,1.84
宜花東,2017,40,1579,57887,27.28,5.48,7.12,1.61,26.92,31.95,12.82,1.7
宜花東,2017,41,1387,57887,23.96,5.41,7.99,2.51,18.6,21.63,6.92,1.6
宜花東,2017,42,1553,57703,26.91,5.25,7.47,2.21,26.23,25.31,7.87,1.33
宜花東,2017,43,1888,57703,32.72,6.58,8.38,1.72,42.83,44.68,18.19,1.53
宜花東,2017,44,1875,57703,32.49,6.66,8.56,1.83,35.2,43.16,12.52,1.57
宜花東,2017,45,1796,57887,31.03,7.24,9.25,2.16,25.9,26.57,10.12,1.65
宜花東,2017,46,1721,57703,29.83,7.2,9.31,2.36,24.64,23.94,8.95,1.67
宜花東,2017,47,1866,57887,32.24,7.45,9.64,2.33,27.62,24.91,9.14,1.52
宜花東,2017,48,1947,57703,33.74,6.79,8.62,1.89,26.8,25.51,9.06,1.53
宜花東,2017,49,2013,57703,34.89,8.07,10.06,2.16,31.71,31.77,14.05,1.54
宜花東,2017,50,2194,57703,38.02,8.25,10.37,2.18,28.01,28.71,12.05,1.7
宜花東,2017,51,2329,57887,40.23,7.11,9.08,1.74,31.1,30.54,12.22,1.66
宜花東,2017,52,2631,57887,45.45,8.14,9.92,1.49,32.75,40.45,18.85,1.71
宜花東,2018,1,2397,67984,35.26,8.29,10.67,2.38,25.28,26.46,11.52,1.64
宜花東,2018,2,2324,67984,34.18,7.72,9.79,2.11,30.31,28.63,12.57,2.07
宜花東,2018,3,2587,67984,38.05,9.12,11.68,2.68,26.22,27.36,12.63,2.09
宜花東,2018,4,2328,68217,34.13,7.41,9.06,1.52,31.81,26.49,10.19,1.78
宜花東,2018,5,2248,68217,32.95,7.73,9.59,1.86,32.15,21.08,8.82,1.39
宜花東,2018,6,2394,68217,35.09,9.28,12.17,2.87,28.84,26.1,11.26,1.56
宜花東,2018,7,2176,68217,31.9,7.55,9.26,1.73,33.58,44.87,16.89,1.82
宜花東,2018,8,2353,68217,34.49,7.35,9.19,1.76,31.07,28.01,11.9,1.72
宜花東,2018,9,2449,67984,36.02,7.69,10.19,2.46,27.9,35.29,14.62,2.02
宜花東,2018,10,2253,68217,33.03,6.39,8.02,1.6,33.59,30.66,11.54,1.67
宜花東,2018,11,2340,68217,34.3,7.07,9.0,1.85,33.0,30.17,12.34,1.91
宜花東,2018,12,2199,68217,32.24,6.87,8.4,1.49,37.18,38.34,15.13,1.92
宜花東,2018,13,2269,68217,33.26,5.83,7.44,1.56,32.19,37.41,14.32,1.89
宜花東,2018,14,1799,67984,26.46,6.02,7.51,1.44,32.76,53.3,16.68,1.93
宜花東,2018,15,2285,68217,33.5,6.07,8.36,2.19,28.24,32.18,11.24,1.98
宜花東,2018,16,2023,67984,29.76,6.44,7.89,1.41,35.62,37.39,13.22,1.9
宜花東,2018,17,1850,67984,27.21,6.38,8.1,1.78,36.65,34.61,14.5,1.88
宜花東,2018,18,1788,68217,26.21,6.08,7.75,1.52,29.44,33.39,12.74,1.93
宜花東,2018,19,1766,68217,25.89,6.23,8.12,1.78,29.49,32.5,11.64,1.93
宜花東,2018,20,1584,67984,23.3,5.01,7.11,2.07,18.8,25.07,9.95,2.16
宜花東,2018,21,1524,68217,22.34,5.58,7.39,1.75,28.2,30.87,12.32,2.03
宜花東,2018,22,1510,67984,22.21,5.15,6.7,1.46,31.76,26.25,10.39,2.02
宜花東,2018,23,1407,67984,20.7,4.27,6.43,2.0,19.4,20.95,7.91,1.91
宜花東,2018,24,1497,67984,22.02,5.33,6.74,1.36,38.46,26.13,10.82,1.84
宜花東,2018,25,1411,67984,20.75,5.3,7.51,2.24,17.0,25.58,7.62,2.08
宜花東,2018,26,1444,67984,21.24,4.63,6.59,1.94,18.17,24.69,10.08,2.2
宜花東,2018,27,1469,67984,21.61,6.39,8.67,2.25,19.61,27.53,9.4,2.22
宜花東,2018,28,1434,68217,21.02,3.81,5.95,2.12,14.58,21.73,6.36,1.94
宜花東,2018,29,1364,67984,20.06,3.63,6.42,2.85,12.15,20.19,6.05,2.1
宜花東,2018,30,1412,68217,20.7,4.74,7.04,2.14,19.5,26.95,10.18,2.25
宜花東,2018,31,1378,67984,20.27,5.1,6.87,1.77,25.95,28.93,12.36,2.43
宜花東,2018,32,1419,67984,20.87,4.63,6.36,1.81,23.75,26.48,11.7,2.31
宜花東,2018,33,1486,67984,21.86,5.33,7.41,2.08,21.4,23.54,7.23,1.89
宜花東,2018,34,1403,68217,20.57,5.1,6.94,1.81,23.43,23.02,6.2,1.66
宜花東,2018,35,1499,67984,22.05,4.86,7.33,2.54,14.56,23.22,5.71,1.38
宜花東,2018,36,1525,67984,22.43,4.72,6.61,1.92,19.73,28.54,9.51,1.95
宜花東,2018,37,1553,67984,22.84,4.17,6.49,2.36,16.36,24.19,6.57,1.47
宜花東,2018,38,1609,68217,23.59,4.13,6.36,2.13,15.07,23.85,7.86,1.67
宜花東,2018,39,1650,68217,24.19,4.62,6.2,1.7,31.94,32.87,8.85,1.54
宜花東,2018,40,1922,68217,28.17,5.34,6.75,1.34,44.9,42.51,13.96,1.73
宜花東,2018,41,1624,68217,23.81,5.96,7.45,1.53,30.76,20.79,7.68,1.63
宜花東,2018,42,1665,67984,24.49,6.07,7.67,1.55,36.96,25.72,10.12,1.68
宜花東,2018,43,1650,67984,24.27,6.18,7.97,1.88,34.31,37.94,12.87,1.92
宜花東,2018,44,1796,68217,26.33,7.34,9.74,2.64,34.59,27.91,8.08,1.71
宜花東,2018,45,1519,68217,22.27,5.94,8.44,2.48,19.44,25.45,7.94,1.92
宜花東,2018,46,1697,67984,24.96,6.44,8.67,2.05,25.95,22.5,9.25,1.93
宜花東,2018,47,1639,67984,24.11,6.36,8.31,1.89,27.83,20.04,8.56,1.89
宜花東,2018,48,1874,68217,27.47,7.13,9.34,2.24,26.97,27.63,11.13,1.78
宜花東,2018,49,2038,68217,29.88,6.69,8.76,2.22,25.13,21.24,7.47,1.72
宜花東,2018,50,1975,68217,28.95,6.99,9.05,2.09,25.99,17.7,7.17,1.38
宜花東,2018,51,2112,68217,30.96,7.79,10.01,2.21,28.12,31.29,12.49,1.73
宜花東,2018,52,2079,67984,30.58,6.25,8.04,1.85,28.98,15.65,5.96,1.56
宜花東,2019,1,1618,68005,23.79,7.61,10.19,2.6,23.83,16.15,6.9,1.34
宜花東,2019,2,2072,68005,30.47,7.66,10.13,2.43,24.09,18.33,7.58,1.37
宜花東,2019,3,2095,68005,30.81,7.16,8.97,1.7,32.39,23.2,10.71,1.3
宜花東,2019,4,2286,68005,33.62,7.79,9.65,1.85,34.83,34.39,15.49,1.59
宜花東,2019,5,2784,68005,40.94,7.45,9.62,2.13,29.38,24.75,11.14,1.73
宜花東,2019,6,1030,67196,15.33,5.41,6.76,1.31,28.78,22.61,11.27,1.46
宜花東,2019,7,2650,68005,38.97,5.99,7.81,1.78,26.88,17.67,7.56,1.33
宜花東,2019,8,2178,68005,32.03,6.95,8.75,1.74,28.58,23.34,9.86,1.58
宜花東,2019,9,1959,67765,28.91,6.59,8.39,1.84,30.76,29.72,12.84,1.58
宜花東,2019,10,2051,68005,30.16,8.04,9.79,1.7,35.04,21.21,10.93,1.86
宜花東,2019,11,2158,68005,31.73,7.17,8.69,1.43,40.0,35.59,16.45,1.71
宜花東,2019,12,2047,68005,30.1,7.04,9.02,1.89,30.31,26.18,12.71,1.65
宜花東,2019,13,2112,68005,31.06,6.43,7.85,1.35,36.44,28.84,13.64,1.4
宜花東,2019,14,1798,68005,26.44,6.2,7.82,1.59,32.73,25.09,12.91,1.46
宜花東,2019,15,1981,68005,29.13,5.6,6.99,1.4,36.07,25.82,11.81,1.26
宜花東,2019,16,1944,68005,28.59,6.66,8.25,1.55,29.31,25.63,11.78,1.6
宜花東,2019,17,1645,68005,24.19,5.18,6.8,1.72,28.74,26.56,12.05,1.89
宜花東,2019,18,1681,67765,24.81,5.67,6.98,1.24,35.9,27.62,10.96,1.42
宜花東,2019,19,1755,68005,25.81,5.91,7.6,1.78,29.47,19.06,8.2,1.42
宜花東,2019,20,1681,67765,24.81,6.19,8.68,2.43,19.06,24.97,10.16,1.6
宜花東,2019,21,1731,67765,25.54,5.59,7.13,1.52,33.22,33.12,12.87,1.61
宜花東,2019,22,1688,67765,24.91,5.46,7.23,1.81,25.59,22.43,9.16,1.35
宜花東,2019,23,1534,68005,22.56,5.15,7.66,2.48,14.95,23.37,8.31,1.48
宜花東,2019,24,1679,68005,24.69,6.0,7.86,1.99,29.96,20.46,8.75,1.36
宜花東,2019,25,1623,68005,23.87,5.48,7.4,1.91,21.97,24.91,10.47,1.62
宜花東,2019,26,1525,68005,22.42,4.57,6.44,1.79,18.91,17.61,6.94,1.35
宜花東,2019,27,1489,67765,21.97,4.99,6.88,1.75,20.25,24.03,8.65,1.8
宜花東,2019,28,1464,67765,21.6,4.91,6.63,1.86,21.27,21.0,11.02,1.79
宜花東,2019,29,1483,68005,21.81,4.57,6.54,1.74,17.27,21.05,7.36,1.59
宜花東,2019,30,1429,67765,21.09,4.11,5.92,1.67,17.08,17.43,7.33,1.35
宜花東,2019,31,1368,67765,20.19,3.4,5.47,2.14,14.14,13.27,6.19,1.41
宜花東,2019,32,1442,67765,21.28,4.0,5.74,1.9,19.39,23.17,8.39,1.44
宜花東,2019,33,1485,67765,21.91,5.07,6.57,1.39,25.34,25.4,10.62,1.35
宜花東,2019,34,1483,67765,21.88,3.94,5.74,1.83,20.81,30.17,7.26,1.39
宜花東,2019,35,1449,68005,21.31,3.68,6.07,2.47,12.75,15.58,6.06,1.44
宜花東,2019,36,1515,68005,22.28,4.53,6.78,2.27,17.61,16.17,5.54,1.41
宜花東,2019,37,1435,67765,21.18,4.06,5.76,1.65,21.28,20.4,8.93,1.41
宜花東,2019,38,1781,68005,26.19,4.93,6.16,1.22,41.75,31.98,10.67,1.32
宜花東,2019,39,1744,68005,25.65,5.09,6.78,1.86,24.37,18.26,7.8,1.49
宜花東,2019,40,1584,67765,23.37,4.9,6.65,1.73,24.49,24.68,13.68,1.52
宜花東,2019,41,1484,68005,21.82,5.03,6.11,1.14,39.86,29.29,15.57,1.41
宜花東,2019,42,1822,67765,26.89,5.29,6.42,1.25,39.92,28.51,12.31,1.69
宜花東,2019,43,1799,68005,26.45,5.52,6.74,1.24,36.88,24.93,13.09,1.43
宜花東,2019,44,1727,68005,25.4,6.21,7.66,1.51,34.47,26.52,11.96,1.3
宜花東,2019,45,1713,68005,25.19,5.94,7.39,1.66,38.83,25.47,10.79,1.51
宜花東,2019,46,1936,68005,28.47,6.77,8.28,1.49,36.08,33.55,14.65,1.67
宜花東,2019,47,1804,68005,26.53,6.0,7.78,1.84,28.22,21.2,7.67,1.36
宜花東,2019,48,1768,67765,26.09,6.13,7.74,1.8,30.81,18.25,7.69,1.29
宜花東,2019,49,1837,68005,27.01,6.44,8.29,1.92,32.32,17.74,7.81,1.34
宜花東,2019,50,2231,67765,32.92,7.04,8.89,2.04,31.66,25.44,12.55,1.43
宜花東,2019,51,2220,68005,32.64,7.13,9.49,2.36,22.91,13.99,6.71,1.45
宜花東,2019,52,2196,68005,32.29,7.43,9.82,2.42,25.28,15.53,7.33,1.39
苗中彰投,2016,1,3902,295579,13.2,17.59,25.26,7.64,19.46,51.63,27.86,2.79
苗中彰投,2016,2,14135,296651,47.65,14.98,18.03,3.03,26.37,40.61,21.61,2.65
苗中彰投,2016,3,14192,296651,47.84,17.8,22.17,4.33,21.88,41.76,23.8,2.6
苗中彰投,2016,4,14628,296651,49.31,15.24,20.66,5.43,24.5,38.0,17.5,2.64
苗中彰投,2016,5,16949,296651,57.13,15.2,19.42,4.22,23.75,27.86,13.19,2.29
苗中彰投,2016,6,21383,296651,72.08,13.61,16.36,2.83,39.84,61.71,35.49,3.11
苗中彰投,2016,7,11463,296422,38.67,14.48,18.09,3.61,21.75,36.56,20.21,2.44
苗中彰投,2016,8,22744,296651,76.67,16.75,20.44,3.69,28.19,58.25,31.1,2.54
苗中彰投,2016,9,21078,296651,71.05,18.53,22.42,3.83,31.67,59.66,30.75,3.07
苗中彰投,2016,10,20612,296651,69.48,18.0,22.39,4.39,25.4,53.87,32.63,3.3
苗中彰投,2016,11,17699,296651,59.66,20.55,26.76,6.28,21.86,36.94,22.11,2.54
苗中彰投,2016,12,17026,296651,57.39,18.75,23.92,5.15,24.81,52.57,31.21,2.53
苗中彰投,2016,13,16368,296651,55.18,17.64,20.17,2.53,44.93,62.26,36.26,3.27
苗中彰投,2016,14,18309,296651,61.72,14.7,17.63,2.88,30.29,71.92,44.61,3.32
苗中彰投,2016,15,14467,296651,48.77,15.31,18.11,2.85,27.23,46.96,28.71,2.86
苗中彰投,2016,16,13963,296651,47.07,14.17,16.77,2.56,30.0,45.79,24.7,2.77
苗中彰投,2016,17,13274,296651,44.75,12.01,14.45,2.39,27.15,43.6,24.06,3.02
苗中彰投,2016,18,13025,296651,43.91,13.23,15.76,2.51,35.06,54.43,32.35,3.09
苗中彰投,2016,19,12305,296651,41.48,11.8,14.38,2.62,27.66,37.87,20.26,3.13
苗中彰投,2016,20,11823,296651,39.85,12.04,13.94,1.98,38.38,43.54,22.92,2.91
苗中彰投,2016,21,11957,296651,40.31,14.6,17.32,2.77,28.12,44.7,25.56,3.2
苗中彰投,2016,22,10714,296651,36.12,7.24,9.13,1.97,22.49,29.69,12.71,2.38
苗中彰投,2016,23,9853,296422,33.24,8.77,10.95,2.17,26.78,27.93,13.51,2.69
苗中彰投,2016,24,9439,296651,31.82,7.24,9.24,2.03,20.83,21.48,8.84,2.05
苗中彰投,2016,25,9885,296651,33.32,8.22,10.39,2.24,21.99,27.92,12.2,2.87
苗中彰投,2016,26,9221,296422,31.11,8.3,10.65,2.25,22.13,28.1,13.02,2.87
苗中彰投,2016,27,9183,296651,30.96,8.67,10.78,2.08,26.62,31.36,14.99,2.78
苗中彰投,2016,28,8793,296422,29.66,6.28,8.38,2.23,21.42,20.48,8.62,2.1
苗中彰投,2016,29,9210,296651,31.05,7.46,9.78,2.37,19.0,28.75,13.64,2.44
苗中彰投,2016,30,8864,296651,29.88,8.75,10.95,2.22,25.63,34.69,18.43,2.99
苗中彰投,2016,31,9058,296422,30.56,9.58,11.58,2.12,32.68,36.01,18.02,2.91
苗中彰投,2016,32,9384,296422,31.66,9.61,11.67,2.12,28.58,33.27,16.4,2.88
苗中彰投,2016,33,9594,296651,32.34,9.74,12.14,2.39,25.2,28.22,12.41,2.62
苗中彰投,2016,34,10013,296422,33.78,9.18,11.08,1.97,32.09,44.45,22.34,2.96
苗中彰投,2016,35,10325,296422,34.83,11.16,12.62,1.43,46.72,56.07,30.56,3.16
苗中彰投,2016,36,10725,296651,36.15,9.17,11.36,2.17,24.29,24.7,10.18,2.16
苗中彰投,2016,37,10189,296651,34.35,10.03,13.74,3.77,21.19,28.75,11.64,2.41
苗中彰投,2016,38,9705,296422,32.74,10.8,13.23,2.32,32.4,39.25,16.63,2.47
苗中彰投,2016,39,11654,296651,39.29,10.73,13.49,2.77,24.86,38.49,16.77,2.49
苗中彰投,2016,40,9740,296651,32.83,12.83,15.92,3.08,28.14,48.49,25.47,3.06
苗中彰投,2016,41,10508,296651,35.42,10.47,13.49,3.04,25.06,28.82,12.73,2.12
苗中彰投,2016,42,11421,296651,38.5,14.88,17.19,2.25,38.83,75.76,42.51,3.79
苗中彰投,2016,43,11343,296651,38.24,14.04,17.01,3.05,26.09,50.95,26.3,3.51
苗中彰投,2016,44,11570,296651,39.0,11.64,13.43,1.85,34.44,44.14,19.8,2.53
苗中彰投,2016,45,13296,296651,44.82,15.32,17.86,2.56,32.23,48.87,25.04,3.11
苗中彰投,2016,46,12824,296651,43.23,18.56,22.19,3.74,31.3,69.51,36.89,3.31
苗中彰投,2016,47,12475,296651,42.05,16.61,20.93,4.46,23.06,44.03,22.61,2.96
苗中彰投,2016,48,12302,296651,41.47,15.54,18.76,3.18,24.69,42.25,18.34,2.36
苗中彰投,2016,49,12872,296651,43.39,15.14,17.87,2.64,27.43,51.39,24.5,2.8
苗中彰投,2016,50,13164,296651,44.38,15.89,20.33,4.48,27.4,49.73,23.48,2.7
苗中彰投,2016,51,13485,296651,45.46,18.7,22.93,4.22,27.2,60.0,32.69,3.07
苗中彰投,2016,52,13751,296422,46.39,16.02,20.04,4.04,26.51,53.96,25.74,2.47
苗中彰投,2017,1,13263,293267,45.22,16.88,21.88,4.99,23.94,70.55,36.7,2.78
苗中彰投,2017,2,13664,293267,46.59,15.98,19.48,3.53,25.95,47.62,24.66,2.7
苗中彰投,2017,3,14092,293267,48.05,13.38,16.72,3.4,26.44,38.58,17.44,2.33
苗中彰投,2017,4,15255,293267,52.02,13.73,16.36,2.66,31.68,46.38,22.92,2.53
苗中彰投,2017,5,11599,293267,39.55,10.79,12.83,2.14,30.3,41.95,18.24,2.24
苗中彰投,2017,6,14766,293267,50.35,12.95,15.19,2.3,33.59,58.49,29.46,2.46
苗中彰投,2017,7,14850,293267,50.64,17.68,21.82,4.17,33.0,59.69,29.91,2.99
苗中彰投,2017,8,12915,293267,44.04,16.01,20.04,4.07,27.92,48.93,24.9,2.34
苗中彰投,2017,9,13433,293267,45.8,16.12,18.59,2.45,35.09,54.7,27.25,2.84
苗中彰投,2017,10,13450,293267,45.86,17.64,21.37,3.75,33.26,53.73,30.68,2.74
苗中彰投,2017,11,13431,293267,45.8,15.87,18.44,2.54,32.67,52.6,27.62,2.59
苗中彰投,2017,12,13081,293267,44.6,15.33,17.74,2.47,36.0,48.75,24.77,2.66
苗中彰投,2017,13,13849,293267,47.22,16.05,18.83,2.83,41.99,67.31,34.2,2.94
苗中彰投,2017,14,14542,293267,49.59,14.16,16.2,2.07,43.89,59.77,33.14,3.05
苗中彰投,2017,15,12450,293267,42.45,15.56,19.05,3.47,27.07,43.89,23.1,2.84
苗中彰投,2017,16,11050,293267,37.68,10.61,12.73,2.21,28.54,41.4,22.43,2.64
苗中彰投,2017,17,12013,293046,40.99,15.28,17.64,2.34,40.61,49.95,24.47,2.9
苗中彰投,2017,18,11770,293267,40.13,14.94,17.77,2.84,34.17,51.8,28.14,3.17
苗中彰投,2017,19,10986,293267,37.46,12.2,14.43,2.21,30.64,50.49,22.12,3.27
苗中彰投,2017,20,10857,293046,37.05,13.18,15.14,2.04,36.62,33.29,16.22,2.67
苗中彰投,2017,21,11099,293046,37.87,12.33,14.47,2.17,32.14,35.61,17.09,3.02
苗中彰投,2017,22,9653,293046,32.94,9.78,11.79,1.94,28.28,29.23,14.04,2.54
苗中彰投,2017,23,10055,293046,34.31,9.75,12.39,2.68,23.77,30.48,14.57,2.76
苗中彰投,2017,24,10002,293267,34.11,7.98,10.27,2.32,18.8,21.89,7.71,2.07
苗中彰投,2017,25,11172,293046,38.12,7.53,10.33,2.75,15.95,23.03,9.4,2.06
苗中彰投,2017,26,10861,293267,37.03,8.1,10.08,2.1,22.71,29.23,12.58,2.83
苗中彰投,2017,27,10754,293046,36.7,8.29,10.49,2.31,22.18,21.56,8.59,2.34
苗中彰投,2017,28,10655,293267,36.33,8.22,10.16,1.96,22.89,26.78,11.52,2.81
苗中彰投,2017,29,10202,293267,34.79,9.41,11.09,1.88,29.2,34.03,16.66,2.92
苗中彰投,2017,30,9858,293267,33.61,9.26,10.87,1.59,29.67,37.52,21.02,3.35
苗中彰投,2017,31,9091,293267,31.0,7.07,8.77,1.76,24.29,26.46,11.77,2.29
苗中彰投,2017,32,8599,293046,29.34,6.48,8.1,1.75,19.05,29.41,12.88,2.26
苗中彰投,2017,33,8683,293046,29.63,8.71,11.12,2.34,20.71,26.69,13.74,3.01
苗中彰投,2017,34,8695,293267,29.65,10.26,12.64,2.37,26.84,36.52,18.42,3.02
苗中彰投,2017,35,8682,293267,29.6,10.29,12.19,1.99,29.06,41.81,22.06,2.95
苗中彰投,2017,36,8924,293046,30.45,8.99,10.85,1.81,26.11,33.33,16.83,2.91
苗中彰投,2017,37,9384,293267,32.0,10.75,13.16,2.45,30.49,39.09,18.95,3.04
苗中彰投,2017,38,9551,293267,32.57,13.76,15.2,1.41,43.98,57.16,32.48,4.01
苗中彰投,2017,39,9076,293267,30.95,11.01,13.03,2.05,28.9,40.3,21.49,3.27
苗中彰投,2017,40,9554,293267,32.58,12.13,13.85,1.79,34.66,50.99,25.92,2.94
苗中彰投,2017,41,9710,293267,33.11,11.76,13.81,2.05,30.93,49.25,23.49,3.15
苗中彰投,2017,42,10280,293267,35.05,9.69,11.96,2.24,29.18,28.23,11.58,1.95
苗中彰投,2017,43,12032,293267,41.03,11.08,12.39,1.26,49.66,47.77,23.07,2.14
苗中彰投,2017,44,12083,293267,41.2,11.46,13.41,2.03,38.58,42.51,17.71,2.21
苗中彰投,2017,45,11549,293267,39.38,13.92,16.09,2.26,30.81,49.68,22.33,2.45
苗中彰投,2017,46,11276,293267,38.45,15.06,18.15,3.11,23.97,44.16,20.71,2.79
苗中彰投,2017,47,11804,293267,40.25,13.02,15.28,2.31,24.67,29.81,13.02,2.28
苗中彰投,2017,48,11614,293267,39.6,13.34,16.18,2.93,28.28,43.94,20.32,2.41
苗中彰投,2017,49,12258,293267,41.8,13.43,16.42,2.97,28.31,39.77,20.03,2.2
苗中彰投,2017,50,13464,293267,45.91,15.38,19.73,4.32,24.84,41.47,19.39,2.44
苗中彰投,2017,51,14308,293267,48.79,13.91,17.02,3.08,31.07,44.9,22.26,2.6
苗中彰投,2017,52,15621,293267,53.27,17.0,20.21,3.18,29.48,67.78,36.14,3.07
苗中彰投,2018,1,13863,325697,42.56,17.31,22.11,4.79,21.01,49.22,24.67,2.73
苗中彰投,2018,2,14125,325697,43.37,13.09,16.55,3.43,27.96,31.99,15.31,2.22
苗中彰投,2018,3,15651,325697,48.05,17.92,22.25,4.41,24.05,53.61,27.64,2.74
苗中彰投,2018,4,15239,325697,46.79,14.21,16.83,2.64,27.01,37.75,16.15,2.28
苗中彰投,2018,5,14062,325697,43.18,12.79,15.11,2.33,26.51,26.81,16.03,2.03
苗中彰投,2018,6,15375,325697,47.21,15.78,20.99,5.17,25.61,40.37,21.64,2.18
苗中彰投,2018,7,14383,325697,44.16,14.75,17.28,2.48,34.07,72.38,31.44,2.69
苗中彰投,2018,8,15020,325697,46.12,15.66,18.49,2.82,25.96,48.69,26.93,2.4
苗中彰投,2018,9,15403,325697,47.29,17.46,22.41,4.98,25.84,68.76,36.25,2.89
苗中彰投,2018,10,14199,325398,43.64,12.47,14.57,2.14,31.48,39.46,18.63,2.21
苗中彰投,2018,11,14862,325697,45.63,17.74,20.68,2.92,33.67,58.9,31.49,2.92
苗中彰投,2018,12,15009,325697,46.08,13.99,16.09,2.07,40.31,52.52,25.04,2.34
苗中彰投,2018,13,14485,325697,44.47,13.44,15.22,1.8,39.26,65.8,34.52,2.65
苗中彰投,2018,14,12396,325697,38.06,11.02,12.7,1.83,35.49,66.16,29.03,2.59
苗中彰投,2018,15,14120,325697,43.35,11.49,13.44,1.94,31.53,43.88,20.31,2.8
苗中彰投,2018,16,12407,325697,38.09,14.56,16.27,1.66,41.51,62.13,31.58,3.2
苗中彰投,2018,17,11312,325697,34.73,14.36,15.96,1.64,38.98,55.03,30.25,2.99
苗中彰投,2018,18,10783,325697,33.11,11.56,13.24,1.75,34.18,48.58,24.69,3.05
苗中彰投,2018,19,10507,325697,32.26,12.0,13.45,1.5,32.98,41.65,18.84,2.91
苗中彰投,2018,20,9581,325697,29.42,9.02,11.26,2.22,19.83,30.72,14.75,2.89
苗中彰投,2018,21,9188,325697,28.21,10.79,12.49,1.87,28.83,38.95,20.15,3.31
苗中彰投,2018,22,8623,325697,26.48,9.78,11.1,1.27,35.11,36.41,17.6,2.97
苗中彰投,2018,23,8446,325697,25.93,10.55,12.12,1.51,32.86,38.03,18.17,3.33
苗中彰投,2018,24,8828,325697,27.1,10.91,12.18,1.23,42.21,35.11,17.45,2.81
苗中彰投,2018,25,8231,325697,25.27,7.28,9.3,2.02,17.87,20.56,8.41,2.15
苗中彰投,2018,26,8437,325697,25.9,8.4,10.38,2.13,21.3,27.45,12.97,2.97
苗中彰投,2018,27,8521,325697,26.16,7.26,9.18,1.85,18.89,21.01,8.89,2.23
苗中彰投,2018,28,8965,325697,27.53,8.5,10.36,1.93,25.87,35.43,17.78,3.06
苗中彰投,2018,29,9134,325697,28.04,9.04,10.43,1.32,33.62,43.33,24.21,3.1
苗中彰投,2018,30,8963,325181,27.56,8.27,10.07,1.96,22.7,30.87,15.02,2.85
苗中彰投,2018,31,8815,325697,27.07,7.4,9.07,1.76,25.08,29.53,13.48,2.47
苗中彰投,2018,32,9204,325398,28.29,8.46,9.94,1.28,33.4,38.47,22.66,3.07
苗中彰投,2018,33,9392,325398,28.86,8.13,9.68,1.51,26.55,24.13,10.46,2.23
苗中彰投,2018,34,9232,325697,28.35,8.52,9.94,1.42,30.89,21.36,9.57,2.28
苗中彰投,2018,35,10212,325697,31.35,8.68,11.69,2.98,17.54,25.78,11.23,2.17
苗中彰投,2018,36,9934,325398,30.53,8.68,10.43,1.96,28.74,32.97,15.76,2.37
苗中彰投,2018,37,10142,325697,31.14,11.78,14.31,2.52,28.6,43.2,20.56,3.03
苗中彰投,2018,38,10217,325697,31.37,10.62,12.74,2.1,28.51,45.44,25.32,2.95
苗中彰投,2018,39,10564,325697,32.44,7.81,8.96,1.09,44.01,38.75,14.96,2.21
苗中彰投,2018,40,11517,325697,35.36,11.31,12.58,1.16,52.17,50.08,22.6,2.55
苗中彰投,2018,41,10301,325697,31.63,12.22,14.11,1.86,34.01,34.97,16.53,2.44
苗中彰投,2018,42,10392,325697,31.91,12.66,14.29,1.56,35.89,35.62,16.05,2.45
苗中彰投,2018,43,10697,325697,32.84,12.81,14.59,1.84,40.27,53.08,22.99,2.92
苗中彰投,2018,44,12139,325697,37.27,13.13,15.58,2.8,33.84,36.39,14.45,2.31
苗中彰投,2018,45,10598,325697,32.54,15.91,18.74,2.82,30.23,66.56,34.99,3.06
苗中彰投,2018,46,10972,325398,33.72,15.54,18.2,2.64,28.32,44.81,21.76,2.82
苗中彰投,2018,47,11093,325697,34.06,14.7,17.42,2.68,28.29,39.33,18.87,2.55
苗中彰投,2018,48,12024,325697,36.92,15.78,19.3,3.59,28.3,47.82,24.51,2.89
苗中彰投,2018,49,12937,325697,39.72,14.17,17.9,3.77,23.93,34.54,15.25,2.37
苗中彰投,2018,50,13280,325697,40.77,13.61,16.2,2.65,22.75,29.45,13.48,2.29
苗中彰投,2018,51,13936,325697,42.79,17.71,21.1,3.39,31.92,61.08,28.84,2.88
苗中彰投,2018,52,13615,325398,41.84,10.76,12.72,1.93,27.48,21.55,8.87,2.0
苗中彰投,2019,1,10789,325500,33.15,15.44,19.6,4.18,19.76,33.63,16.64,2.21
苗中彰投,2019,2,13598,325500,41.78,15.88,20.51,4.63,20.77,41.89,18.76,2.29
苗中彰投,2019,3,13430,325200,41.3,14.98,17.49,2.51,28.45,49.83,25.13,2.29
苗中彰投,2019,4,14862,325500,45.66,15.91,18.81,2.9,32.84,52.37,24.82,2.53
苗中彰投,2019,5,18503,325500,56.84,17.51,21.1,3.61,29.2,57.09,29.63,2.48
苗中彰投,2019,6,7459,324425,22.99,10.44,11.86,1.47,28.22,42.58,21.59,2.06
苗中彰投,2019,7,16180,325500,49.71,14.09,16.54,2.52,24.93,37.43,19.24,2.24
苗中彰投,2019,8,13731,325500,42.18,15.35,18.54,3.2,25.16,41.31,21.44,2.19
苗中彰投,2019,9,12760,325500,39.2,15.4,17.5,2.07,30.17,55.08,29.57,2.46
苗中彰投,2019,10,12756,325500,39.19,16.2,18.83,2.71,28.41,26.65,15.5,2.1
苗中彰投,2019,11,14065,325500,43.21,16.98,19.42,2.4,36.83,56.57,31.27,2.67
苗中彰投,2019,12,13558,325500,41.65,14.86,17.89,3.07,25.99,45.64,25.06,2.47
苗中彰投,2019,13,13206,325500,40.57,12.16,13.84,1.73,35.46,40.65,21.38,2.21
苗中彰投,2019,14,12260,325500,37.67,12.28,14.44,2.13,36.54,49.46,29.64,2.27
苗中彰投,2019,15,12670,325500,38.92,11.31,13.01,1.8,31.18,35.6,20.17,2.33
苗中彰投,2019,16,11985,325200,36.85,13.57,15.51,2.03,31.65,33.46,19.34,2.35
苗中彰投,2019,17,11088,325500,34.06,9.86,11.61,1.83,29.45,35.66,20.22,2.6
苗中彰投,2019,18,11017,325500,33.85,11.98,13.85,1.84,31.63,32.64,16.63,1.95
苗中彰投,2019,19,11285,325500,34.67,13.71,15.83,2.08,29.33,34.79,19.4,2.61
苗中彰投,2019,20,10685,325500,32.83,8.05,10.1,2.07,18.88,25.4,13.79,2.02
苗中彰投,2019,21,10854,325500,33.35,13.42,15.14,1.75,34.7,45.6,24.75,2.59
苗中彰投,2019,22,10538,325200,32.4,9.31,11.17,1.76,24.62,24.13,11.53,2.43
苗中彰投,2019,23,9701,325200,29.83,7.51,9.83,2.32,17.47,17.87,9.59,2.18
苗中彰投,2019,24,10512,325500,32.29,10.54,12.48,2.08,31.6,18.62,11.57,2.13
苗中彰投,2019,25,9643,325500,29.63,7.64,9.8,2.22,18.05,19.46,8.73,2.14
苗中彰投,2019,26,9539,325200,29.33,7.51,9.55,2.07,23.01,17.76,8.56,2.05
苗中彰投,2019,27,8974,325500,27.57,5.78,7.41,1.52,20.1,18.8,7.85,1.99
苗中彰投,2019,28,9074,325500,27.88,5.69,7.4,1.64,19.87,18.49,11.38,2.0
苗中彰投,2019,29,8812,325200,27.1,7.48,9.28,1.94,24.89,25.22,13.47,2.1
苗中彰投,2019,30,8877,325200,27.3,7.06,8.75,1.85,21.97,19.2,9.79,2.19
苗中彰投,2019,31,8799,325500,27.03,8.32,9.95,1.75,29.36,29.53,16.43,2.62
苗中彰投,2019,32,8690,325500,26.7,6.04,7.86,1.84,25.78,27.42,12.52,2.17
苗中彰投,2019,33,8826,325500,27.12,6.28,7.77,1.54,28.96,13.93,8.2,1.85
苗中彰投,2019,34,9609,325500,29.52,9.13,11.24,2.08,25.44,26.61,15.53,2.4
苗中彰投,2019,35,9417,325200,28.96,8.74,10.7,1.94,29.33,31.58,19.51,2.66
苗中彰投,2019,36,9883,325500,30.36,8.81,10.75,2.03,27.97,25.84,15.98,2.51
苗中彰投,2019,37,9508,325500,29.21,9.17,10.64,1.35,34.84,35.73,22.39,2.48
苗中彰投,2019,38,11266,325500,34.61,8.0,9.19,1.11,51.06,34.42,14.86,2.12
苗中彰投,2019,39,10803,325500,33.19,10.96,13.24,2.19,28.24,29.68,14.41,2.33
苗中彰投,2019,40,10059,325500,30.9,10.33,11.98,1.81,38.07,51.69,35.48,2.72
苗中彰投,2019,41,10137,325500,31.14,11.81,13.36,1.62,39.91,44.82,25.0,2.61
苗中彰投,2019,42,11813,325500,36.29,9.13,10.44,1.23,44.39,33.36,14.27,2.13
苗中彰投,2019,43,11578,325500,35.57,13.28,15.04,1.83,37.14,37.43,19.59,2.5
苗中彰投,2019,44,11292,325500,34.69,11.62,13.33,1.64,36.47,46.1,20.38,2.15
苗中彰投,2019,45,11484,325200,35.31,11.08,12.69,1.62,40.72,36.51,16.4,2.16
苗中彰投,2019,46,12543,325200,38.57,15.63,18.11,2.59,38.85,54.77,29.78,2.51
苗中彰投,2019,47,12638,325500,38.83,11.01,13.34,2.46,26.77,27.12,12.44,2.21
苗中彰投,2019,48,12109,325500,37.2,11.41,13.51,2.1,30.9,32.41,14.26,2.17
苗中彰投,2019,49,12143,325500,37.31,10.64,13.14,2.43,31.98,22.32,10.54,1.9
苗中彰投,2019,50,13801,325500,42.4,17.43,22.11,4.67,26.56,43.56,23.93,2.39
苗中彰投,2019,51,14032,325500,43.11,14.6,19.99,5.41,18.89,28.15,14.94,2.25
苗中彰投,2019,52,13796,325500,42.38,14.81,18.0,3.18,22.34,29.12,14.71,2.18
雲嘉南,2016,1,2330,207298,11.24,16.97,22.0,5.08,20.33,68.07,37.38,2.98
雲嘉南,2016,2,9129,207825,43.93,15.66,18.12,2.53,26.19,54.41,29.65,2.96
雲嘉南,2016,3,8972,207907,43.15,19.2,23.13,3.92,21.63,58.34,34.81,3.17
雲嘉南,2016,4,9401,207825,45.24,15.08,18.31,3.23,25.63,49.15,25.04,2.96
雲嘉南,2016,5,10378,207825,49.94,15.4,18.4,3.01,23.33,40.32,19.71,2.13
雲嘉南,2016,6,12612,207907,60.66,13.67,15.57,1.98,40.32,78.53,45.26,3.05
雲嘉南,2016,7,7118,207592,34.29,16.15,19.75,3.64,20.13,50.07,25.73,3.0
雲嘉南,2016,8,14345,207907,69.0,17.15,19.68,2.52,29.53,82.88,41.5,3.23
雲嘉南,2016,9,13734,207907,66.06,16.78,19.42,2.75,34.59,81.82,40.05,3.35
雲嘉南,2016,10,13556,207907,65.2,16.3,19.37,3.09,25.48,62.98,37.57,3.55
雲嘉南,2016,11,11644,207907,56.01,19.91,24.12,4.24,21.78,52.4,31.71,3.05
雲嘉南,2016,12,10929,207907,52.57,16.3,19.37,3.09,23.86,67.03,38.13,2.58
雲嘉南,2016,13,10220,207825,49.18,16.07,18.01,1.94,45.39,76.49,45.92,3.27
雲嘉南,2016,14,11439,207825,55.04,11.79,13.78,2.05,30.36,71.59,43.42,3.1
雲嘉南,2016,15,9125,207825,43.91,11.53,13.49,2.02,29.01,50.39,28.39,2.93
雲嘉南,2016,16,8873,207825,42.69,11.25,13.48,2.18,29.33,49.37,25.03,2.96
雲嘉南,2016,17,8130,207825,39.12,9.9,11.94,1.98,25.74,43.93,22.01,2.99
雲嘉南,2016,18,7905,207825,38.04,11.22,13.4,2.05,33.18,62.88,35.8,3.21
雲嘉南,2016,19,7514,207825,36.16,9.79,11.85,2.04,25.48,39.92,18.34,3.0
雲嘉南,2016,20,7343,207592,35.37,10.99,12.69,1.71,39.82,53.64,25.78,3.14
雲嘉南,2016,21,7469,207825,35.94,10.45,12.34,1.95,29.28,48.69,24.73,2.99
雲嘉南,2016,22,6594,207825,31.73,6.28,8.06,1.9,18.82,31.27,10.41,2.31
雲嘉南,2016,23,6027,207825,29.0,6.79,8.45,1.81,24.02,29.42,11.03,2.12
雲嘉南,2016,24,5754,207674,27.71,7.26,9.69,2.54,19.2,25.32,8.24,2.0
雲嘉南,2016,25,6242,207825,30.03,7.47,9.87,2.35,19.98,32.25,11.75,2.8
雲嘉南,2016,26,5968,207825,28.72,7.15,9.59,2.42,19.43,32.47,12.39,2.72
雲嘉南,2016,27,5734,207825,27.59,7.48,9.69,2.15,23.62,34.28,13.65,2.78
雲嘉南,2016,28,5748,207298,27.73,5.49,7.26,1.82,22.13,22.37,7.64,2.0
雲嘉南,2016,29,6048,207907,29.09,6.08,8.25,2.11,17.96,30.78,12.33,2.24
雲嘉南,2016,30,5904,207907,28.4,6.26,7.97,1.82,23.79,31.71,15.52,2.62
雲嘉南,2016,31,6078,207825,29.25,7.79,9.55,1.9,30.78,35.66,17.11,2.61
雲嘉南,2016,32,6227,207825,29.96,7.41,8.99,1.78,31.7,34.15,16.72,2.97
雲嘉南,2016,33,6300,207825,30.31,8.06,9.97,2.03,24.06,28.06,11.66,2.35
雲嘉南,2016,34,6439,207825,30.98,6.99,8.69,1.75,32.92,43.08,22.57,2.92
雲嘉南,2016,35,6291,207907,30.26,8.98,10.18,1.28,49.29,56.16,32.71,3.0
雲嘉南,2016,36,6750,207592,32.52,7.91,10.15,2.27,22.36,22.25,9.28,2.08
雲嘉南,2016,37,6408,207825,30.83,7.5,10.06,2.45,22.51,30.44,12.3,2.8
雲嘉南,2016,38,5943,207592,28.63,10.09,12.02,2.03,36.28,48.3,22.23,3.06
雲嘉南,2016,39,7370,207825,35.46,8.79,10.65,1.82,33.1,50.42,21.99,2.95
雲嘉南,2016,40,6039,207825,29.06,10.98,13.1,2.11,32.8,50.98,27.69,3.06
雲嘉南,2016,41,6772,207825,32.59,10.93,13.17,2.34,23.37,37.71,15.92,2.47
雲嘉南,2016,42,7252,207825,34.89,11.96,14.12,2.06,36.34,72.11,38.11,3.23
雲嘉南,2016,43,7300,207825,35.13,10.18,12.48,2.28,26.59,49.24,24.0,3.29
雲嘉南,2016,44,7621,207825,36.67,12.87,14.9,2.11,35.05,68.74,30.2,3.39
雲嘉南,2016,45,8742,207907,42.05,14.11,16.38,2.21,33.79,61.75,30.01,3.04
雲嘉南,2016,46,8423,207907,40.51,16.37,18.84,2.51,35.93,89.0,49.2,3.92
雲嘉南,2016,47,8016,207907,38.56,16.2,19.74,3.54,24.38,63.54,33.78,3.28
雲嘉南,2016,48,8066,207674,38.84,15.41,18.37,2.88,24.11,52.26,22.48,2.97
雲嘉南,2016,49,8167,207825,39.3,16.67,19.36,2.66,27.35,73.37,34.89,3.46
雲嘉南,2016,50,8464,207907,40.71,16.85,20.46,3.66,28.16,73.53,32.59,3.07
雲嘉南,2016,51,8920,207825,42.92,17.87,21.2,3.17,27.82,77.32,42.14,3.27
雲嘉南,2016,52,8888,207907,42.75,17.13,20.59,3.49,25.75,74.79,33.33,3.14
雲嘉南,2017,1,8954,204598,43.76,15.02,18.61,3.62,28.3,85.39,45.92,3.04
雲嘉南,2017,2,8960,204598,43.79,16.97,20.22,3.22,26.09,70.3,36.06,3.37
雲嘉南,2017,3,9301,204598,45.46,15.04,18.12,3.04,25.61,61.35,27.0,3.15
雲嘉南,2017,4,9657,204598,47.2,14.92,17.55,2.57,31.44,70.4,30.96,3.24
雲嘉南,2017,5,8105,204687,39.6,11.45,13.58,2.13,29.52,67.67,27.92,2.84
雲嘉南,2017,6,9640,204687,47.1,14.4,16.68,2.36,30.89,83.94,40.3,3.27
雲嘉南,2017,7,9835,204598,48.07,15.38,18.39,3.1,34.82,78.34,38.98,3.0
雲嘉南,2017,8,8748,204687,42.74,15.08,17.98,2.95,27.53,71.98,35.98,2.97
雲嘉南,2017,9,8882,204598,43.41,15.21,17.23,2.04,37.5,76.53,37.93,3.44
雲嘉南,2017,10,8661,204687,42.31,16.55,18.93,2.3,33.29,68.1,38.92,3.04
雲嘉南,2017,11,8372,204687,40.9,15.14,17.42,2.21,35.28,69.2,36.96,3.07
雲嘉南,2017,12,7962,204598,38.92,13.7,15.76,2.01,37.76,70.2,34.6,3.13
雲嘉南,2017,13,8512,204598,41.6,14.91,16.58,2.01,42.55,77.84,39.04,3.02
雲嘉南,2017,14,8580,204598,41.94,12.24,13.92,1.72,45.56,65.75,34.48,3.18
雲嘉南,2017,15,7853,204687,38.37,13.3,15.71,2.28,26.15,50.63,26.13,3.0
雲嘉南,2017,16,6883,204598,33.64,9.03,10.76,1.93,29.74,44.64,22.56,2.62
雲嘉南,2017,17,7454,204687,36.42,13.54,15.29,1.96,43.39,63.66,33.61,3.24
雲嘉南,2017,18,7327,204687,35.8,11.63,13.37,1.81,37.6,58.04,30.63,3.13
雲嘉南,2017,19,6739,204598,32.94,9.57,11.34,1.92,31.35,56.16,24.76,3.14
雲嘉南,2017,20,6905,204687,33.73,11.01,12.46,1.54,37.42,44.05,21.46,2.95
雲嘉南,2017,21,6824,204598,33.35,10.16,11.82,1.81,34.21,44.8,20.03,3.01
雲嘉南,2017,22,6157,204377,30.13,7.42,8.93,1.76,28.52,37.15,15.04,2.26
雲嘉南,2017,23,6479,204598,31.67,7.84,9.98,2.09,23.45,35.63,14.53,2.82
雲嘉南,2017,24,6388,204687,31.21,6.57,8.68,2.11,16.35,25.54,7.64,2.0
雲嘉南,2017,25,7032,204598,34.37,6.89,9.26,2.32,14.79,25.08,9.25,2.34
雲嘉南,2017,26,6728,204598,32.88,6.57,8.32,1.91,19.85,29.25,11.12,2.1
雲嘉南,2017,27,6628,204598,32.4,7.18,9.42,2.22,20.05,26.43,9.36,2.47
雲嘉南,2017,28,6619,204598,32.35,8.02,9.71,1.93,23.83,31.88,12.4,2.82
雲嘉南,2017,29,6730,204687,32.88,8.64,10.26,1.8,32.22,43.21,20.46,2.9
雲嘉南,2017,30,6518,204598,31.86,7.54,8.95,1.41,29.54,37.96,18.69,2.98
雲嘉南,2017,31,5835,204598,28.52,6.27,7.88,1.77,22.46,28.85,10.53,2.0
雲嘉南,2017,32,5628,204377,27.54,5.13,6.81,1.84,16.38,30.43,11.27,1.98
雲嘉南,2017,33,5585,204598,27.3,6.31,8.2,1.97,18.48,26.71,11.57,2.25
雲嘉南,2017,34,5760,204598,28.15,8.34,9.98,1.7,27.26,40.3,18.22,2.9
雲嘉南,2017,35,5630,204598,27.52,8.66,10.24,1.75,28.96,42.38,20.93,2.88
雲嘉南,2017,36,5790,204598,28.3,7.06,8.66,1.65,24.79,31.12,14.84,2.59
雲嘉南,2017,37,6081,204687,29.71,9.24,11.15,1.98,31.77,46.56,20.11,2.98
雲嘉南,2017,38,6124,204598,29.93,10.76,12.1,1.39,48.15,63.74,36.01,3.88
雲嘉南,2017,39,5536,204687,27.05,8.88,10.61,1.86,29.05,41.44,20.48,2.95
雲嘉南,2017,40,5897,204598,28.82,9.5,10.78,1.28,37.48,56.99,27.47,3.08
雲嘉南,2017,41,6076,204598,29.7,10.8,12.79,1.99,31.04,59.01,23.38,2.98
雲嘉南,2017,42,6772,204598,33.1,9.86,11.82,1.97,29.37,47.07,14.66,2.16
雲嘉南,2017,43,7597,204598,37.13,13.59,15.21,1.6,46.63,75.2,30.2,2.99
雲嘉南,2017,44,7647,204598,37.38,13.47,15.36,1.94,37.24,82.9,25.12,2.8
雲嘉南,2017,45,7450,204598,36.41,13.79,15.63,1.83,30.6,77.14,31.72,2.91
雲嘉南,2017,46,7138,204466,34.91,14.63,17.34,2.73,26.15,68.67,30.64,3.03
雲嘉南,2017,47,7647,204598,37.38,14.31,16.27,2.02,26.7,64.87,20.87,2.92
雲嘉南,2017,48,7589,204687,37.08,13.2,15.16,1.99,29.38,74.29,28.11,2.78
雲嘉南,2017,49,8037,204598,39.28,15.64,18.03,2.4,26.86,69.08,28.55,2.75
雲嘉南,2017,50,8775,204687,42.87,16.46,20.01,3.5,25.09,68.09,28.43,3.0
雲嘉南,2017,51,9483,204687,46.33,14.74,16.92,2.2,29.98,71.96,27.7,2.89
雲嘉南,2017,52,10289,204598,50.29,15.54,17.87,2.37,31.96,92.62,43.86,3.07
雲嘉南,2018,1,9067,237087,38.24,15.87,19.15,3.27,22.21,64.32,30.54,2.76
雲嘉南,2018,2,9223,237087,38.9,14.49,17.22,2.82,26.81,45.51,20.26,2.43
雲嘉南,2018,3,10284,237087,43.38,16.65,19.54,2.88,26.06,79.15,41.87,2.95
雲嘉南,2018,4,9854,237203,41.54,14.63,16.98,2.31,27.61,61.01,23.74,2.83
雲嘉南,2018,5,9292,237087,39.19,13.95,16.48,2.41,25.32,43.12,23.03,2.06
雲嘉南,2018,6,9954,237087,41.98,17.03,20.41,3.46,24.26,61.33,31.98,2.34
雲嘉南,2018,7,8883,237087,37.47,14.12,16.01,1.87,34.36,87.56,37.89,2.84
雲嘉南,2018,8,10143,237203,42.76,14.81,16.95,2.08,28.82,70.38,35.84,2.88
雲嘉南,2018,9,10332,237203,43.56,14.91,18.02,3.04,28.5,83.33,41.94,3.01
雲嘉南,2018,10,9455,237203,39.86,13.5,15.5,2.01,30.8,57.58,23.63,2.8
雲嘉南,2018,11,9863,237203,41.58,14.77,16.86,2.07,37.43,71.91,39.25,3.13
雲嘉南,2018,12,9836,237087,41.49,13.72,15.59,1.92,40.53,63.64,28.43,2.85
雲嘉南,2018,13,9515,237203,40.11,11.81,13.41,1.54,41.2,78.79,38.28,2.61
雲嘉南,2018,14,8093,237087,34.14,10.27,11.82,1.48,36.59,83.45,31.44,2.49
雲嘉南,2018,15,9177,237087,38.71,10.38,12.28,1.91,30.24,50.65,18.69,2.85
雲嘉南,2018,16,7900,237087,33.32,12.12,13.7,1.68,43.19,71.93,33.33,3.17
雲嘉南,2018,17,7245,237203,30.54,11.27,12.87,1.78,40.34,65.96,31.72,3.41
雲嘉南,2018,18,6778,237087,28.59,9.01,10.68,1.69,34.7,56.63,24.17,2.99
雲嘉南,2018,19,6512,236771,27.5,10.28,12.09,1.87,31.56,50.72,19.49,2.96
雲嘉南,2018,20,6044,237087,25.49,7.38,9.74,2.28,17.74,33.24,13.03,2.6
雲嘉南,2018,21,5952,237203,25.09,7.94,9.67,1.86,26.59,42.58,19.43,2.92
雲嘉南,2018,22,5574,237087,23.51,7.74,9.36,1.73,32.7,50.83,18.24,2.99
雲嘉南,2018,23,5590,237087,23.58,7.98,9.57,1.64,32.2,45.21,17.47,3.01
雲嘉南,2018,24,5586,237087,23.56,9.16,10.59,1.42,40.51,45.66,18.04,2.74
雲嘉南,2018,25,5441,236326,23.02,6.88,9.25,2.28,17.14,27.81,8.1,1.99
雲嘉南,2018,26,5607,237087,23.65,6.99,9.27,2.22,18.75,33.05,10.99,2.26
雲嘉南,2018,27,5751,237087,24.26,6.86,9.09,2.2,18.31,26.48,7.95,2.06
雲嘉南,2018,28,5952,237087,25.1,7.39,9.42,1.99,25.62,40.59,17.77,2.98
雲嘉南,2018,29,6018,237087,25.38,6.67,8.2,1.59,30.96,40.1,18.52,2.65
雲嘉南,2018,30,5848,237087,24.67,6.89,8.84,1.97,21.99,33.78,13.2,2.17
雲嘉南,2018,31,5864,236771,24.77,5.88,7.82,2.01,21.93,29.24,10.84,2.1
雲嘉南,2018,32,6098,237087,25.72,6.45,7.99,1.57,32.21,37.36,19.01,2.58
雲嘉南,2018,33,6194,237087,26.13,6.89,8.74,1.81,24.0,25.2,8.97,2.23
雲嘉南,2018,34,5765,236771,24.35,6.9,8.69,1.88,28.7,23.34,8.68,2.01
雲嘉南,2018,35,6426,236771,27.14,6.72,9.5,2.82,17.35,23.68,9.17,2.0
雲嘉南,2018,36,6498,237087,27.41,7.1,8.99,1.95,25.92,33.69,13.96,2.1
雲嘉南,2018,37,6715,237087,28.32,9.74,11.8,2.07,30.48,50.13,22.21,3.04
雲嘉南,2018,38,6721,236887,28.37,7.94,9.66,1.79,29.04,44.21,22.31,2.63
雲嘉南,2018,39,6660,237087,28.09,8.9,10.0,1.05,42.32,60.66,18.94,2.59
雲嘉南,2018,40,7357,236326,31.13,11.66,13.08,1.23,53.41,71.7,29.02,3.1
雲嘉南,2018,41,6461,236771,27.29,12.1,13.86,1.88,37.15,54.81,25.07,3.07
雲嘉南,2018,42,6670,237203,28.12,12.68,14.45,1.85,37.95,57.04,25.9,3.03
雲嘉南,2018,43,6821,237087,28.77,12.29,14.12,1.87,41.74,79.43,33.23,3.58
雲嘉南,2018,44,7729,237087,32.6,14.81,17.17,2.4,33.18,63.63,25.35,2.98
雲嘉南,2018,45,6721,237087,28.35,13.07,15.57,2.53,32.44,82.34,43.74,3.05
雲嘉南,2018,46,7163,236887,30.24,15.5,18.07,2.48,30.16,70.38,33.5,3.55
雲嘉南,2018,47,7248,237087,30.57,13.75,15.98,2.23,30.22,60.25,23.94,3.02
雲嘉南,2018,48,7755,237087,32.71,15.21,17.91,2.71,28.95,60.88,30.21,3.0
雲嘉南,2018,49,8321,237203,35.08,14.47,17.59,3.16,25.3,62.73,23.88,3.01
雲嘉南,2018,50,8617,237087,36.35,14.73,17.43,2.58,22.54,51.09,21.62,2.93
雲嘉南,2018,51,8856,237087,37.35,16.98,19.62,2.77,30.89,81.16,36.65,3.0
雲嘉南,2018,52,8748,237203,36.88,12.63,14.59,2.05,26.8,52.77,15.99,2.37
雲嘉南,2019,1,6990,235579,29.67,15.31,18.52,3.15,22.13,54.11,23.93,2.76
雲嘉南,2019,2,8857,235579,37.6,15.31,18.58,3.24,24.49,70.13,31.47,2.75
雲嘉南,2019,3,8676,235697,36.81,14.37,16.2,1.98,29.97,73.39,37.25,2.36
雲嘉南,2019,4,9356,235697,39.7,15.82,18.11,2.31,35.13,80.66,36.94,3.01
雲嘉南,2019,5,11602,235697,49.22,15.64,18.22,2.61,31.55,76.06,37.75,2.94
雲嘉南,2019,6,4633,234623,19.75,10.42,12.07,1.54,29.87,56.31,26.98,2.12
雲嘉南,2019,7,10217,235697,43.35,13.27,15.33,2.08,29.35,55.43,25.78,2.82
雲嘉南,2019,8,8333,235579,35.37,13.71,16.24,2.49,27.63,58.39,29.93,2.46
雲嘉南,2019,9,7994,235579,33.93,11.99,13.76,1.75,35.65,66.26,34.75,2.33
雲嘉南,2019,10,8143,235579,34.57,15.63,18.08,2.44,28.62,42.16,23.31,2.19
雲嘉南,2019,11,8592,235697,36.45,14.28,16.38,2.13,41.6,69.19,36.67,2.91
雲嘉南,2019,12,8260,235579,35.06,13.4,16.48,3.15,25.0,53.45,27.28,2.73
雲嘉南,2019,13,8197,235579,34.8,10.84,12.6,1.74,36.8,50.35,24.07,2.83
雲嘉南,2019,14,7679,235579,32.6,10.41,12.18,1.67,39.3,59.03,33.22,2.31
雲嘉南,2019,15,7926,235579,33.64,10.14,12.03,1.9,32.26,48.07,23.07,2.79
雲嘉南,2019,16,7356,235579,31.23,11.06,12.77,1.63,34.6,39.39,20.44,2.09
雲嘉南,2019,17,6755,235697,28.66,8.24,10.01,1.89,28.25,40.1,19.65,2.11
雲嘉南,2019,18,6902,235579,29.3,10.42,12.17,1.68,32.77,39.32,18.06,2.04
雲嘉南,2019,19,7213,235697,30.6,11.12,12.92,1.82,34.11,46.92,24.6,2.54
雲嘉南,2019,20,6665,235697,28.28,6.73,8.88,2.05,17.97,27.92,11.29,2.0
雲嘉南,2019,21,6845,235579,29.06,10.26,11.85,1.59,40.67,54.25,26.79,2.97
雲嘉南,2019,22,6658,235579,28.26,8.18,10.12,2.05,25.58,30.76,12.3,2.16
雲嘉南,2019,23,6021,235579,25.56,6.72,9.24,2.57,15.93,22.01,8.62,2.0
雲嘉南,2019,24,6475,235579,27.49,8.62,10.42,1.94,31.4,23.0,13.06,2.02
雲嘉南,2019,25,6167,235579,26.18,6.42,8.67,2.22,16.4,19.57,7.38,1.88
雲嘉南,2019,26,5993,235579,25.44,6.98,9.13,2.06,21.29,20.09,8.03,1.93
雲嘉南,2019,27,5879,235579,24.96,5.74,7.87,2.17,18.66,18.31,7.24,2.0
雲嘉南,2019,28,5924,235579,25.15,5.14,7.08,1.87,18.52,16.42,9.86,1.98
雲嘉南,2019,29,6060,235579,25.72,6.64,8.45,1.82,24.79,22.89,13.29,1.99
雲嘉南,2019,30,6018,235579,25.55,6.18,8.15,1.99,19.57,18.22,7.99,1.96
雲嘉南,2019,31,5820,235579,24.71,7.16,8.9,1.74,28.22,27.53,14.56,2.08
雲嘉南,2019,32,5830,235697,24.74,5.23,6.82,1.7,27.96,31.99,12.83,1.97
雲嘉南,2019,33,5771,235579,24.5,5.84,7.47,1.6,26.89,14.71,7.0,1.81
雲嘉南,2019,34,6131,235579,26.03,6.46,8.12,1.87,26.91,24.21,13.8,2.05
雲嘉南,2019,35,6032,235579,25.6,7.23,9.05,1.93,27.26,28.69,16.76,2.32
雲嘉南,2019,36,6347,235579,26.94,7.08,8.84,1.89,27.64,23.94,13.23,2.03
雲嘉南,2019,37,6008,235697,25.49,7.72,9.08,1.23,37.26,38.3,22.97,2.28
雲嘉南,2019,38,7386,235697,31.34,8.65,9.95,1.17,51.69,55.42,18.47,2.15
雲嘉南,2019,39,6990,235579,29.67,10.71,12.51,1.94,36.76,54.63,23.37,2.84
雲嘉南,2019,40,6364,235579,27.01,7.88,9.44,1.58,40.03,50.13,31.54,2.13
雲嘉南,2019,41,6088,235579,25.84,9.5,10.95,1.48,44.34,59.49,27.93,2.78
雲嘉南,2019,42,7294,235579,30.96,10.9,12.47,1.66,43.26,60.04,20.48,2.7
雲嘉南,2019,43,7128,235697,30.24,12.52,14.43,2.0,39.85,56.02,25.23,2.87
雲嘉南,2019,44,6950,235579,29.5,11.25,12.96,1.77,41.12,70.85,26.82,2.57
雲嘉南,2019,45,7453,235579,31.64,12.39,14.2,1.87,41.46,59.05,22.66,2.61
雲嘉南,2019,46,7993,235579,33.93,14.65,16.91,2.32,41.75,72.35,34.85,2.92
雲嘉南,2019,47,8110,235579,34.43,12.61,15.22,2.64,28.44,50.61,19.46,2.16
雲嘉南,2019,48,7887,235579,33.48,12.22,14.25,2.03,31.68,55.25,19.4,2.25
雲嘉南,2019,49,7811,235697,33.14,12.56,14.87,2.13,29.95,34.02,15.11,2.0
雲嘉南,2019,50,9113,235579,38.68,15.61,19.08,3.52,29.69,57.41,29.09,2.23
雲嘉南,2019,51,8959,235697,38.01,14.58,18.41,3.85,20.76,43.79,22.28,2.21
雲嘉南,2019,52,8845,235579,37.55,14.43,16.91,2.45,23.97,42.21,18.96,2.15
高屏,2016,1,2656,244813,10.85,18.93,24.93,6.02,20.11,67.72,37.76,3.65
高屏,2016,2,11203,248119,45.15,18.6,22.78,4.19,23.91,59.14,32.9,3.41
高屏,2016,3,10428,248285,42.0,21.26,26.97,5.73,22.51,66.4,38.55,3.9
高屏,2016,4,10983,248276,44.24,19.23,23.72,4.48,23.84,52.37,29.2,3.16
高屏,2016,5,12188,248285,49.09,18.83,24.01,5.16,20.06,51.01,27.53,2.63
高屏,2016,6,15372,248285,61.91,14.89,17.4,2.53,38.31,65.75,38.15,3.02
高屏,2016,7,8116,247778,32.76,17.31,22.15,4.82,19.58,52.97,28.99,3.21
高屏,2016,8,16669,248267,67.14,19.82,22.99,3.32,30.22,83.09,45.87,3.58
高屏,2016,9,15867,248414,63.87,18.37,21.23,2.94,36.68,80.95,42.23,3.72
高屏,2016,10,15502,248414,62.4,18.22,21.93,3.78,28.9,61.15,35.04,4.21
高屏,2016,11,13532,248414,54.47,21.17,27.6,6.44,21.16,57.88,33.15,3.76
高屏,2016,12,12530,248285,50.47,17.45,21.26,3.83,23.3,62.14,37.13,3.26
高屏,2016,13,11008,248414,44.31,18.17,20.98,2.86,41.24,64.48,36.7,3.76
高屏,2016,14,13128,248414,52.85,13.23,15.68,2.44,28.8,59.15,33.63,4.14
高屏,2016,15,10398,248101,41.91,13.48,16.28,2.88,27.84,38.68,19.67,3.84
高屏,2016,16,10014,248119,40.36,11.78,15.22,3.48,26.08,43.31,21.17,3.55
高屏,2016,17,9126,247963,36.8,10.47,13.07,2.58,23.56,36.47,16.69,3.59
高屏,2016,18,8947,248119,36.06,10.85,13.33,2.38,35.62,57.34,30.96,3.87
高屏,2016,19,8595,247648,34.71,9.49,12.21,2.67,21.25,32.0,11.54,3.71
高屏,2016,20,8165,247254,33.02,11.6,13.55,1.96,41.16,47.08,21.65,3.64
高屏,2016,21,8302,247754,33.51,10.46,12.52,2.04,29.27,36.72,16.59,3.5
高屏,2016,22,7775,247918,31.36,7.07,9.49,2.46,18.07,28.75,9.08,3.19
高屏,2016,23,7207,247385,29.13,7.69,10.0,2.41,21.09,28.18,9.37,2.78
高屏,2016,24,6903,247612,27.88,9.0,12.83,3.98,17.44,26.65,7.72,2.88
高屏,2016,25,7661,247918,30.9,7.66,10.86,3.25,17.18,28.58,9.04,3.38
高屏,2016,26,7573,248065,30.53,6.41,9.5,3.14,15.51,29.68,7.43,3.46
高屏,2016,27,7380,247909,29.77,8.05,10.63,2.51,23.51,34.55,11.44,3.73
高屏,2016,28,7027,247030,28.45,7.1,9.44,2.33,21.75,29.71,7.65,2.96
高屏,2016,29,7405,247783,29.89,7.21,9.9,2.69,17.07,32.65,11.36,3.04
高屏,2016,30,7542,247899,30.42,8.13,10.55,2.43,23.27,30.45,13.11,3.46
高屏,2016,31,7714,248138,31.09,8.25,10.53,2.19,26.33,32.28,13.67,3.13
高屏,2016,32,7940,247911,32.03,8.89,10.96,2.08,31.55,30.84,13.06,3.08
高屏,2016,33,7838,247916,31.62,9.21,11.95,2.76,20.47,24.14,6.71,3.27
高屏,2016,34,7982,247773,32.21,9.26,11.81,2.53,29.88,39.24,18.0,3.18
高屏,2016,35,7895,247525,31.9,10.22,12.19,2.09,46.2,46.9,24.73,3.22
高屏,2016,36,8058,248138,32.47,10.43,14.01,3.55,20.6,20.98,7.09,2.74
高屏,2016,37,7783,247899,31.4,7.91,10.92,3.08,21.97,29.03,10.57,2.84
高屏,2016,38,7022,247474,28.37,10.78,13.11,2.37,39.33,45.03,20.06,3.29
高屏,2016,39,8885,248119,35.81,9.96,11.86,2.01,43.84,52.54,25.3,3.42
高屏,2016,40,7339,247892,29.61,12.88,15.65,2.79,33.02,43.85,21.15,3.94
高屏,2016,41,7875,247752,31.79,12.24,15.76,3.56,22.82,39.32,15.25,2.99
高屏,2016,42,8492,248000,34.24,13.65,16.44,2.81,37.81,69.44,34.05,3.97
高屏,2016,43,8785,247497,35.5,11.05,13.6,2.53,26.81,45.37,18.51,3.88
高屏,2016,44,8894,248040,35.86,15.71,18.08,2.39,40.71,74.53,34.74,4.26
高屏,2016,45,10137,247700,40.92,15.58,17.82,2.31,38.48,62.97,30.21,3.6
高屏,2016,46,9900,248194,39.89,17.34,19.67,2.31,45.42,83.6,46.6,4.52
高屏,2016,47,9697,248248,39.06,19.25,23.44,4.19,28.86,72.08,39.94,4.13
高屏,2016,48,9528,247972,38.42,17.8,21.47,3.58,25.92,55.82,25.78,3.21
高屏,2016,49,9829,248414,39.57,20.65,24.33,3.66,30.25,89.0,44.19,4.01
高屏,2016,50,10094,247553,40.78,19.63,23.07,3.37,33.2,77.19,36.09,3.99
高屏,2016,51,10632,248147,42.85,21.27,24.93,3.6,31.7,79.41,43.19,4.22
高屏,2016,52,10795,248414,43.46,19.63,24.28,4.57,26.23,75.69,36.44,3.48
高屏,2017,1,10718,244883,43.77,18.08,21.72,3.64,31.69,83.88,45.51,3.36
高屏,2017,2,10859,244744,44.37,20.45,24.24,3.82,31.38,84.02,43.49,4.04
高屏,2017,3,11240,244547,45.96,19.87,23.28,3.45,27.98,73.56,35.33,3.51
高屏,2017,4,11877,244744,48.53,19.59,22.63,3.05,33.67,82.13,37.13,3.9
高屏,2017,5,9656,244163,39.55,16.66,18.97,2.36,31.04,75.96,34.88,3.72
高屏,2017,6,12143,244673,49.63,18.9,22.08,3.23,29.67,90.07,44.64,3.68
高屏,2017,7,11475,244883,46.86,18.89,22.05,3.13,37.59,75.33,37.69,3.7
高屏,2017,8,10212,244490,41.77,17.84,21.3,3.46,28.4,74.14,35.16,3.67
高屏,2017,9,10269,244537,41.99,17.48,19.59,2.2,40.54,83.86,41.3,4.03
高屏,2017,10,9913,244751,40.5,19.0,22.35,3.48,30.76,71.67,39.45,3.4
高屏,2017,11,9561,244408,39.12,15.95,18.64,2.7,38.02,69.75,36.18,3.82
高屏,2017,12,9077,244276,37.16,13.9,16.06,2.17,40.43,68.83,31.84,3.75
高屏,2017,13,9671,244761,39.51,14.93,16.9,2.03,42.42,66.72,31.29,3.38
高屏,2017,14,9618,244883,39.28,12.24,13.95,1.74,45.87,59.04,27.9,3.25
高屏,2017,15,8642,244883,35.29,13.82,17.07,3.3,24.63,46.28,22.94,3.34
高屏,2017,16,7883,244041,32.3,9.96,12.24,2.3,25.46,39.27,17.55,3.17
高屏,2017,17,8691,244276,35.58,14.25,16.01,1.88,44.22,56.25,28.41,3.76
高屏,2017,18,8373,244394,34.26,11.57,13.18,1.74,41.65,55.24,27.56,4.03
高屏,2017,19,7883,244629,32.22,9.65,11.83,2.23,30.17,45.8,19.69,3.83
高屏,2017,20,7857,244537,32.13,12.0,13.91,1.98,37.41,42.9,20.07,3.27
高屏,2017,21,7838,244333,32.08,9.87,11.65,1.85,33.78,36.94,15.83,3.05
高屏,2017,22,7220,244412,29.54,8.08,9.99,2.04,29.03,38.13,15.15,3.22
高屏,2017,23,7510,244472,30.72,8.06,10.74,2.64,18.37,29.91,10.21,3.05
高屏,2017,24,7919,243909,32.47,7.04,9.89,2.88,14.61,26.64,7.84,2.5
高屏,2017,25,8361,244534,34.19,7.22,10.16,2.99,14.81,24.89,9.03,2.95
高屏,2017,26,8584,243806,35.21,7.55,10.18,2.57,18.12,28.6,9.89,3.02
高屏,2017,27,8563,244455,35.03,7.42,10.35,2.96,16.77,26.97,8.98,3.17
高屏,2017,28,8462,244198,34.65,8.25,10.67,2.39,21.01,28.94,10.61,3.12
高屏,2017,29,8370,244512,34.23,10.03,12.01,2.04,32.5,39.54,20.09,3.45
高屏,2017,30,7739,244147,31.7,8.6,10.58,2.03,24.98,33.54,15.12,3.05
高屏,2017,31,7045,244133,28.86,8.36,10.65,2.3,22.09,32.22,11.83,2.68
高屏,2017,32,7178,244622,29.34,6.01,8.04,2.1,16.09,30.7,11.47,2.35
高屏,2017,33,7253,244205,29.7,7.66,9.52,1.99,21.37,29.17,13.38,2.91
高屏,2017,34,7295,244390,29.85,9.78,11.68,2.01,24.7,35.66,16.31,3.51
高屏,2017,35,7168,244490,29.32,9.96,12.1,2.24,24.03,35.29,16.1,3.3
高屏,2017,36,7302,244337,29.88,7.46,9.27,1.88,22.7,30.69,12.95,3.25
高屏,2017,37,7611,244066,31.18,9.38,11.02,1.73,34.18,42.78,19.5,3.27
高屏,2017,38,7542,244390,30.86,11.09,12.43,1.28,46.52,56.06,31.74,4.23
高屏,2017,39,6934,243156,28.52,9.21,11.04,1.91,29.24,39.55,19.55,3.79
高屏,2017,40,7179,244015,29.42,10.78,12.09,1.32,40.44,56.28,28.58,3.86
高屏,2017,41,7207,244258,29.51,11.53,13.71,2.32,29.08,50.15,21.3,3.46
高屏,2017,42,8187,244744,33.45,11.58,13.68,2.24,32.04,51.96,19.81,2.99
高屏,2017,43,9184,244415,37.58,15.07,16.69,1.65,48.53,77.97,32.2,3.67
高屏,2017,44,9417,244629,38.5,16.23,18.03,1.78,40.76,80.42,29.12,3.57
高屏,2017,45,9151,244384,37.45,17.01,19.26,2.34,32.36,85.03,40.59,3.49
高屏,2017,46,8862,244604,36.23,16.4,19.31,2.91,29.71,72.84,36.51,3.48
高屏,2017,47,9339,244604,38.18,18.15,20.9,2.77,28.9,78.84,30.93,3.45
高屏,2017,48,9448,244744,38.6,17.32,19.88,2.58,29.99,83.2,36.32,3.31
高屏,2017,49,10300,244883,42.06,19.33,22.19,2.85,26.07,78.37,35.63,3.27
高屏,2017,50,10782,244726,44.06,19.35,22.86,3.49,25.85,76.6,34.81,3.39
高屏,2017,51,11403,244726,46.59,18.04,20.72,2.66,29.32,70.33,30.33,3.34
高屏,2017,52,12108,244751,49.47,17.01,19.23,2.27,34.19,90.33,45.64,3.32
高屏,2018,1,10760,280796,38.32,18.46,22.9,4.38,25.6,73.45,38.17,3.14
高屏,2018,2,10972,280796,39.07,17.59,21.11,3.49,25.43,52.14,23.5,2.83
高屏,2018,3,12009,280536,42.81,20.36,24.03,3.65,28.73,87.56,48.6,3.47
高屏,2018,4,11569,280601,41.23,18.05,20.99,2.91,30.02,79.2,34.84,3.14
高屏,2018,5,11123,280303,39.68,17.7,21.24,3.55,22.21,55.75,30.59,2.48
高屏,2018,6,11837,280694,42.17,18.92,22.98,4.03,21.83,62.08,35.37,2.26
高屏,2018,7,10705,280405,38.18,14.85,17.35,2.46,31.51,74.69,31.71,2.9
高屏,2018,8,12009,280758,42.77,16.18,18.92,2.71,29.6,71.51,36.94,3.05
高屏,2018,9,12056,280954,42.91,15.44,18.5,3.12,29.42,68.5,32.89,3.43
高屏,2018,10,10545,280758,37.56,15.22,17.78,2.54,30.6,64.25,28.45,3.25
高屏,2018,11,11392,280759,40.58,15.66,17.76,2.18,42.94,66.14,33.64,3.36
高屏,2018,12,11045,280796,39.33,13.6,15.47,1.84,43.79,59.7,25.11,3.07
高屏,2018,13,11116,280536,39.62,12.41,13.88,1.43,44.54,66.6,32.38,3.08
高屏,2018,14,9289,280954,33.06,10.85,12.23,1.42,37.92,71.04,26.64,3.05
高屏,2018,15,10385,280694,37.0,11.16,13.32,2.23,28.57,45.01,15.11,3.31
高屏,2018,16,9016,280758,32.11,12.83,14.26,1.41,46.4,65.0,28.7,3.71
高屏,2018,17,8020,280366,28.61,10.18,11.61,1.45,40.83,53.38,22.88,3.14
高屏,2018,18,7679,280600,27.37,9.39,11.12,1.74,32.87,47.96,18.29,3.21
高屏,2018,19,7459,279634,26.67,9.35,11.0,1.71,32.97,40.91,14.68,3.16
高屏,2018,20,7257,280200,25.9,8.0,10.57,2.5,18.39,30.55,10.74,3.45
高屏,2018,21,7160,279541,25.61,8.07,9.8,1.74,25.6,36.37,14.44,2.93
高屏,2018,22,6600,280165,23.56,8.28,9.97,1.7,30.23,37.23,14.53,3.26
高屏,2018,23,6704,279936,23.95,8.43,9.9,1.46,29.84,36.76,13.32,3.09
高屏,2018,24,6695,279915,23.92,8.88,10.2,1.33,39.09,37.31,12.84,2.79
高屏,2018,25,6316,279970,22.56,8.79,12.02,3.24,16.51,25.42,8.22,2.68
高屏,2018,26,6921,280341,24.69,7.61,9.76,2.14,18.68,27.01,9.94,2.49
高屏,2018,27,7105,280132,25.36,9.45,12.93,3.5,16.52,23.41,7.78,2.27
高屏,2018,28,7745,279970,27.66,8.35,10.15,1.76,25.07,32.56,12.84,3.13
高屏,2018,29,7643,280601,27.24,7.48,9.04,1.54,27.05,33.43,13.43,2.62
高屏,2018,30,7492,279715,26.78,8.35,10.42,2.01,21.82,30.48,12.0,2.63
高屏,2018,31,7449,279428,26.66,7.55,9.85,2.35,19.74,27.43,10.36,2.22
高屏,2018,32,7884,279837,28.17,7.54,9.15,1.59,28.94,28.75,12.38,2.43
高屏,2018,33,7928,279690,28.35,9.01,11.23,2.32,23.01,21.51,7.55,2.49
高屏,2018,34,7297,280600,26.0,8.3,10.23,1.91,28.09,20.94,8.22,2.59
高屏,2018,35,7861,279970,28.08,8.27,12.44,4.21,16.84,21.58,8.39,2.67
高屏,2018,36,8233,280796,29.32,8.03,9.98,1.89,23.65,28.45,12.05,2.34
高屏,2018,37,8271,280796,29.46,9.94,11.93,2.02,27.23,40.43,17.43,2.95
高屏,2018,38,8418,280269,30.04,8.92,10.63,1.66,30.27,40.45,19.55,3.06
高屏,2018,39,8168,280621,29.11,9.91,11.26,1.24,41.31,55.9,19.61,2.93
高屏,2018,40,9190,280464,32.77,11.43,12.62,1.11,55.9,65.98,27.21,3.31
高屏,2018,41,8061,280759,28.71,12.28,13.96,1.63,42.01,55.04,27.88,3.31
高屏,2018,42,8291,280618,29.55,12.73,14.3,1.5,43.39,59.87,27.97,3.15
高屏,2018,43,8205,280486,29.25,12.76,14.26,1.51,44.71,73.11,32.62,3.63
高屏,2018,44,8940,280621,31.86,18.27,21.15,2.9,33.57,72.97,31.48,3.32
高屏,2018,45,8510,280281,30.36,13.84,15.79,1.91,35.99,72.72,37.09,3.31
高屏,2018,46,8964,280694,31.94,15.3,17.34,1.99,41.01,73.85,39.35,3.92
高屏,2018,47,8901,280460,31.74,15.82,17.98,2.16,35.32,61.84,27.54,3.24
高屏,2018,48,9889,280340,35.28,16.92,19.75,2.81,31.36,57.7,29.55,3.3
高屏,2018,49,10126,280954,36.04,17.21,19.88,2.63,32.02,68.66,29.64,3.5
高屏,2018,50,10595,280796,37.73,18.31,21.68,3.36,28.1,64.66,31.24,3.22
高屏,2018,51,10796,280694,38.46,18.76,21.49,2.66,36.21,78.88,38.5,3.26
高屏,2018,52,11003,280954,39.16,16.55,18.93,2.3,28.07,63.28,25.43,2.95
高屏,2019,1,8855,280254,31.6,19.09,23.15,4.02,23.64,64.09,31.84,3.01
高屏,2019,2,11146,280612,39.72,18.34,21.55,3.26,31.04,78.53,37.76,3.15
高屏,2019,3,10526,280612,37.51,17.06,19.65,2.57,28.8,71.07,38.73,2.66
高屏,2019,4,11230,280228,40.07,18.87,21.9,3.02,35.1,84.46,41.76,2.87
高屏,2019,5,14429,280630,51.42,17.15,19.85,2.74,36.95,67.01,32.33,2.82
高屏,2019,6,5667,278256,20.37,11.7,13.41,1.69,33.68,53.86,27.08,2.46
高屏,2019,7,12500,280785,44.52,14.0,16.18,2.17,32.07,55.49,26.17,2.68
高屏,2019,8,10118,280350,36.09,12.92,15.42,2.51,28.59,46.67,23.0,2.34
高屏,2019,9,9164,280195,32.71,12.98,14.92,1.98,37.88,57.92,31.1,2.61
高屏,2019,10,9597,280258,34.24,15.86,18.67,2.81,27.49,42.18,22.86,2.29
高屏,2019,11,9809,280334,34.99,14.97,17.05,2.05,44.91,62.84,33.82,2.74
高屏,2019,12,9581,280258,34.19,14.52,17.33,2.77,26.7,51.16,27.51,2.54
高屏,2019,13,9575,280157,34.18,11.9,13.74,1.97,37.12,47.25,22.67,2.66
高屏,2019,14,9022,280378,32.18,11.28,12.78,1.4,44.9,55.71,32.36,2.47
高屏,2019,15,9252,280330,33.0,10.74,12.84,2.14,34.52,46.46,23.34,2.77
高屏,2019,16,8509,280121,30.38,12.17,13.98,1.91,35.58,33.62,18.39,2.51
高屏,2019,17,7786,280630,27.74,8.76,11.07,2.3,26.16,33.51,16.74,2.36
高屏,2019,18,7778,280368,27.74,10.66,12.27,1.64,34.51,32.65,16.12,2.1
高屏,2019,19,8241,280785,29.35,11.97,13.85,1.92,37.14,46.36,24.63,2.51
高屏,2019,20,7860,280383,28.03,7.36,9.5,2.09,19.21,27.16,11.04,2.12
高屏,2019,21,8166,280413,29.12,9.98,11.54,1.42,42.04,39.19,19.5,2.66
高屏,2019,22,7852,280383,28.0,8.08,10.1,2.03,25.65,26.34,12.35,2.17
高屏,2019,23,7289,280586,25.98,7.42,10.31,2.95,15.61,20.66,9.14,2.35
高屏,2019,24,7805,280586,27.82,8.7,10.81,2.23,26.56,21.5,9.78,2.24
高屏,2019,25,7588,280427,27.06,7.23,9.98,2.7,16.95,19.97,8.12,2.25
高屏,2019,26,7636,280051,27.27,8.21,10.52,2.28,20.58,22.34,7.46,2.28
高屏,2019,27,7283,280586,25.96,8.06,11.52,3.48,16.38,21.05,7.62,2.2
高屏,2019,28,7590,280431,27.07,6.66,9.24,2.63,17.5,17.99,9.64,1.96
高屏,2019,29,7688,280457,27.41,8.03,10.26,2.32,23.49,23.72,11.72,2.17
高屏,2019,30,7879,280431,28.1,6.92,9.08,2.22,19.46,17.97,8.47,2.15
高屏,2019,31,7759,279664,27.74,8.1,9.93,1.94,25.8,24.83,12.54,2.27
高屏,2019,32,7519,280055,26.85,6.44,8.23,1.87,26.92,29.26,11.55,2.14
高屏,2019,33,6896,280175,24.61,8.89,11.2,2.33,22.28,17.02,7.76,2.08
高屏,2019,34,7475,280028,26.69,7.24,9.27,2.03,25.99,21.53,11.49,2.66
高屏,2019,35,7907,280228,28.22,8.33,10.59,2.26,25.27,27.16,14.85,2.41
高屏,2019,36,7885,280254,28.14,7.53,9.69,2.17,25.15,19.92,9.76,2.23
高屏,2019,37,7707,279976,27.53,8.37,9.76,1.23,36.28,31.19,19.13,2.51
高屏,2019,38,8949,280523,31.9,9.17,10.64,1.32,49.04,49.67,20.55,2.65
高屏,2019,39,8889,280298,31.71,10.28,11.71,1.42,48.0,53.21,28.6,2.88
高屏,2019,40,8082,280254,28.84,8.74,10.24,1.53,40.43,44.08,28.2,2.21
高屏,2019,41,7441,280006,26.57,8.19,9.57,1.37,46.32,43.86,24.59,2.27
高屏,2019,42,8688,280630,30.96,11.39,13.23,1.94,46.1,57.63,23.97,2.77
高屏,2019,43,8801,280125,31.42,11.49,13.16,1.69,46.72,51.44,26.18,2.93
高屏,2019,44,8606,280330,30.7,13.21,15.13,1.95,42.41,68.94,30.93,2.98
高屏,2019,45,9036,279896,32.28,13.96,15.9,1.98,42.68,61.95,26.68,2.94
高屏,2019,46,9966,280431,35.54,14.06,15.98,1.98,46.08,62.63,31.3,2.89
高屏,2019,47,10044,280431,35.82,15.55,18.11,2.61,33.44,54.46,24.71,2.81
高屏,2019,48,10033,279926,35.84,14.95,17.33,2.31,34.19,57.94,24.29,2.71
高屏,2019,49,9944,280125,35.5,15.06,17.88,2.88,25.93,38.2,19.04,2.21
高屏,2019,50,11154,280258,39.8,16.57,19.33,2.74,34.8,53.27,26.96,2.6
高屏,2019,51,11159,280169,39.83,16.68,20.5,3.71,24.51,50.26,26.5,2.61
高屏,2019,52,10813,280630,38.53,17.62,21.28,3.67,22.75,50.46,25.27,2.35
